UNITID,OPEID,OPEID6,college_name,city,state,ZIP,type,ST_FIPS,region,LATITUDE,LONGITUDE,admission_rate,SAT_AVG,undergrad_enrollment,percentage_white,percentage_black,percentage_hispanic,percentage_asian,percentage_american_indian,percentage_hawaiian_pacific_islander,percentage_non_resident_alien,avg_income_from_mid_income_bracket,avg_income_from_high_income_bracket,earning_above_threshold,avg_net_price,median_earnings,avg_income_from_low_income_bracket,first_bracket_net_price,second_bracket_net_price(public,third_bracket_net_price,fourth_bracket_net_price,fifth_bracket_net_price,attendance_cost,instate_tuition,outofstate_tuition,pell_recipients,fed_loan_recipients,compeletion_rate,completion_rate_white,completion_rate_black,completion_rate_hispanic,completion_rate_asian,completion_rate_american_indian,debt_graduated,debt_withdrew,debt_low_income,debt_mid_income,debt_high_income,debt_pell,debt_nopell,population_debt_low_income,population_debt_middle_income,population_debt_high_income,population_debt_pell,population_repayment_cohort,population_recieving_loan,population_recieving_pell,RET_FT4,RET_FTL4
155283,2361600,23616,Concorde Career College-Kansas City,Kansas City,MO,64111-2407,3,29,4,39.068592,-94.590066,1,NULL,590,0.4203,0.4034,0.0949,0.0186,0.0051,0.0017,0,PrivacySuppressed,PrivacySuppressed,0.439,20763,22100,22500,20717,NULL,NULL,NULL,NULL,NULL,NULL,NULL,0.4003,0.4502,0.578019289,0.5864,0.4828,0.6406,0.6667,0.625,9500,4057,9500,9500,9500,9500,9500,1374,352,150,1549,1625,0.831313131,0.794444444,NULL,NULL
176600,163200,1632,Aquinas Institute of Theology,Saint Louis,MO,63108-3323,2,29,4,38.635008,-90.237365,NULL,NULL,NULL,NULL,NULL,NULL,NULL,NULL,NULL,NULL,NULL,NULL,NULL,NULL,NULL,NULL,NULL,NULL,NULL,NULL,NULL,NULL,NULL,NULL,NULL,NULL,NULL,NULL,NULL,NULL,NULL,NULL,PrivacySuppressed,PrivacySuppressed,PrivacySuppressed,PrivacySuppressed,PrivacySuppressed,PrivacySuppressed,PrivacySuppressed,PrivacySuppressed,PrivacySuppressed,PrivacySuppressed,PrivacySuppressed,PrivacySuppressed,PrivacySuppressed,PrivacySuppressed,NULL,NULL
176619,246302,2463,Assemblies of God Theological Seminary,Springfield,MO,65802-2131,2,29,4,37.224401,-93.26151,NULL,NULL,NULL,NULL,NULL,NULL,NULL,NULL,NULL,NULL,PrivacySuppressed,PrivacySuppressed,PrivacySuppressed,NULL,PrivacySuppressed,PrivacySuppressed,NULL,NULL,NULL,NULL,NULL,NULL,NULL,NULL,NULL,NULL,NULL,NULL,NULL,NULL,NULL,NULL,22062,10270,15125,16000,15500,18271,12000,466,523,425,878,1057,0.930269414,0.569730586,NULL,NULL
176628,244900,2449,Avila University,Kansas City,MO,64145-1698,2,29,4,38.912159,-94.591387,0.5198,1038,1321,0.6101,0.1893,0.0765,0.0167,0.0083,0.0038,0.0666,43400,44700,0.776,19610,41100,39500,17042,NULL,NULL,NULL,NULL,36178,25700,25700,0.4226,0.7059,0.488180808,0.4679,0.4167,0.7778,NULL,NULL,26625,11500,19497,18724,19500,21000,16750,407,261,282,584,729,0.960248447,0.552795031,0.7088,NULL
176637,732923,7329,ITT Technical Institute-Earth City,Earth City,MO,63045,3,29,4,38.757955,-90.461159,0.6196,NULL,517,0.4642,0.4313,0.0135,0.0155,0.0058,0,0,46300,47200,0.721,23478,38800,38200,23163,NULL,NULL,NULL,NULL,27486,18048,18048,0.8007,0.8339,0.341540329,0.3571,0.3182,0,0.3333,NULL,25827.5,9500,12667,17014,17000,13947,12667,46852,14813,4851,56021,52325,0.800189188,0.814378315,1,NULL
176664,1320800,13208,Baptist Bible College,Springfield,MO,65803-3498,2,29,4,37.239731,-93.285385,NULL,NULL,317,0.8644,0.0347,0.0379,0.0126,0.0158,0.0032,0,32400,30500,0.612,12799,29100,37300,10634,NULL,NULL,NULL,NULL,17281,9050,9050,0.6328,0.682,0.363631579,0.3947,0,0.5,1,NULL,20662.5,9500,12880,14150,17000,14375,9844,88,71,35,156,275,0.792134832,0.735955056,0.6909,NULL
176716,2277500,22775,House of Heavilin Beauty College-Blue Springs,Blue Springs,MO,64014,3,29,4,38.999893,-94.273804,NULL,NULL,102,0.8333,0.0588,0.0784,0.0294,0,0,0,PrivacySuppressed,PrivacySuppressed,0.26,13978,11600,PrivacySuppressed,13861,NULL,NULL,NULL,NULL,NULL,NULL,NULL,0.4966,0.551,0.730142857,NULL,NULL,NULL,NULL,9088.5,4750,7917,PrivacySuppressed,PrivacySuppressed,7917,8023,100,15,18,108,187,0.888198758,0.776397516,NULL,0.8667,
176770,2068200,20682,Cox College,Springfield,MO,65802,2,29,4,37.225116,-93.290233,0.5455,NULL,744,0.9409,0.0108,0.0215,0.0108,0.0013,0.0013,0,40700,44900,0.734,16546,41400,37400,14738,NULL,NULL,NULL,NULL,18972,10150,10150,0.476,0.6755,0.675328571,0.5366,0,0,0,NULL,21963,9500,17416,17718,16000,18712.5,14750,293,213,111,406,416,0.900584795,0.608187135,0.2857,NULL
176789,245000,2450,Calvary Bible College and Theological Seminary,Kansas City,MO,64147-1341,2,29,4,38.838169,-94.546238,1,1014,225,0.8044,0.1111,0.0311,0.0133,0.0133,0,0.0044,PrivacySuppressed,PrivacySuppressed,0.62,12049,29100,PrivacySuppressed,12205,NULL,NULL,NULL,NULL,17891,10600,10600,0.5339,0.494,0.485714286,0.4872,0,NULL,NULL,NULL,19399,6250,9500,12000,8250,10473,8250,51,51,27,96,124,0.74796748,0.796747968,0.5405,NULL
176798,553200,5532,Cape Girardeau Career and Technology Center,Cape Girardeau,MO,63703-7511,1,29,4,37.274138,-89.56525,NULL,NULL,320,0.8906,0.1031,0,0,0.0063,0,0,PrivacySuppressed,PrivacySuppressed,0.587,16103,29600,26700,15396,NULL,17871,NULL,NULL,NULL,NULL,NULL,0.3969,0.4046,0.938744898,NULL,NULL,NULL,NULL,9500,4750,9500,9125,8250,9500,8250,118,54,35,139,147,0.718487395,0.768907563,NULL,0.7143,
176910,2266400,22664,Central Christian College of the Bible,Moberly,MO,65270-1997,2,29,4,39.395963,-92.427259,0.424,NULL,289,0.8754,0.0346,0.0242,0.0138,0.0069,0,0,PrivacySuppressed,PrivacySuppressed,0.565,11559,28400,PrivacySuppressed,9691,NULL,NULL,NULL,NULL,24213,11700,11700,0.6225,0.8046,0.435483871,0.4667,0,0,0,0,16500,5500,7750,9500,9500,9500,5500,79,75,34,138,206,0.756613757,0.793650794,0.7708,NULL
176947,245300,2453,Central Methodist University-College of Liberal Arts and Sciences,Fayette,MO,65248-1198,2,29,4,39.150534,-92.685276,0.6053,1050,1175,0.8034,0.0783,0.0264,0.0034,0.006,0.0009,0.0255,35000,39800,0.707,17485,33700,33600,14011,NULL,NULL,NULL,NULL,32970,21830,21830,0.421,0.7398,0.4807,0.5276,0.3182,0.375,NULL,1,17093,9375,12500,11932,12500,12500,12000,888,774,583,1434,1162,0.828095238,0.665714286,0.6392,NULL
176965,245400,2454,University of Central Missouri,Warrensburg,MO,64093,1,29,4,38.755882,-93.737445,0.7795,1010,9017,0.6538,0.0835,0.0284,0.0087,0.0021,0.0007,0.0235,41000,43200,0.759,14725,36600,38100,11498,12822,15823,17977,18112,18112,7265,13659,0.3664,0.6013,0.532433034,0.5525,0.4015,0.5862,0.4,0.4615,22983,9500,14211.5,16250,15000,16450,13577,2008,1707,1955,3367,4186,0.884947905,0.588117934,0.6974,NULL
176983,553100,5531,Grand River Technical School,Chillicothe,MO,64601,1,29,4,39.798864,-93.559669,0.7662,NULL,90,0.9889,0.0111,0,0,0,0,0,PrivacySuppressed,PrivacySuppressed,0.638,3816,34600,PrivacySuppressed,3379,6384,2559,NULL,NULL,NULL,NULL,NULL,0.5393,0,0.822222222,NULL,NULL,NULL,NULL,PrivacySuppressed,PrivacySuppressed,PrivacySuppressed,PrivacySuppressed,PrivacySuppressed,PrivacySuppressed,PrivacySuppressed,PrivacySuppressed,PrivacySuppressed,PrivacySuppressed,PrivacySuppressed,NULL,PrivacySuppressed,PrivacySuppressed,NULL,0.8478,
176992,2165900,21659,Chillicothe Beauty Academy Inc,Chillicothe,MO,64601,3,29,4,39.792786,-93.551131,NULL,NULL,15,1,0,0,0,0,0,0,PrivacySuppressed,PrivacySuppressed,PrivacySuppressed,5837,PrivacySuppressed,PrivacySuppressed,5837,NULL,NULL,NULL,NULL,NULL,NULL,NULL,0.4138,0.2069,0.590168852,NULL,NULL,NULL,NULL,PrivacySuppressed,PrivacySuppressed,PrivacySuppressed,PrivacySuppressed,PrivacySuppressed,PrivacySuppressed,PrivacySuppressed,PrivacySuppressed,PrivacySuppressed,PrivacySuppressed,PrivacySuppressed,20,PrivacySuppressed,0.545454546,NULL,0.75,
177056,2289200,22892,Columbia Area Career Center,Columbia,MO,65203-7199,1,29,4,38.903705,-92.33669,0.9474,NULL,55,0.7455,0.2545,0,0,0,0,0,PrivacySuppressed,PrivacySuppressed,0.62,15766,31000,PrivacySuppressed,15370,16559,NULL,NULL,NULL,NULL,NULL,NULL,0.6393,0.4344,0.777773016,NULL,NULL,NULL,NULL,PrivacySuppressed,PrivacySuppressed,6200,PrivacySuppressed,PrivacySuppressed,6200,6500,67,19,15,70,38,0.892156863,0.754901961,NULL,1,
177065,245600,2456,Columbia College,Columbia,MO,65216,2,29,4,38.957899,-92.326544,NULL,NULL,15141,0.545,0.2502,0.0766,0.0141,0.0102,0.0053,0.0101,45900,49200,0.726,11831,36700,34500,12575,NULL,NULL,NULL,NULL,17312,7465,7465,0.5423,0.576,0.392937028,0.44,0.0667,NULL,NULL,0,21968.5,8400,9500,11875,11000,10790,9067.5,9001,4085,1480,11732,9077,0.719223079,0.83995049,0.5838,NULL
177083,246700,2467,Conception Seminary College,Conception,MO,64433-0502,2,29,4,40.24044,-94.682831,1,1105,86,0.593,0.0116,0.1628,0.0698,0.0116,0,0,PrivacySuppressed,PrivacySuppressed,PrivacySuppressed,28916,PrivacySuppressed,PrivacySuppressed,NULL,NULL,NULL,NULL,NULL,31890,19530,19530,0.303,0.3535,0.39998,0.1111,NULL,0,NULL,NULL,PrivacySuppressed,PrivacySuppressed,PrivacySuppressed,PrivacySuppressed,PrivacySuppressed,PrivacySuppressed,PrivacySuppressed,PrivacySuppressed,12,PrivacySuppressed,13,14,0.615384615,0.692307692,0.8421,NULL
177092,245700,2457,Concordia Seminary,Saint Louis,MO,63105-3196,2,29,4,38.63816,-90.312041,NULL,NULL,NULL,NULL,NULL,NULL,NULL,NULL,NULL,NULL,PrivacySuppressed,PrivacySuppressed,PrivacySuppressed,NULL,PrivacySuppressed,PrivacySuppressed,NULL,NULL,NULL,NULL,NULL,NULL,NULL,NULL,NULL,NULL,NULL,NULL,NULL,NULL,NULL,NULL,PrivacySuppressed,PrivacySuppressed,PrivacySuppressed,PrivacySuppressed,PrivacySuppressed,PrivacySuppressed,PrivacySuppressed,PrivacySuppressed,PrivacySuppressed,PrivacySuppressed,PrivacySuppressed,NULL,NULL,NULL,NULL,NULL
177117,245800,2458,Cottey College,Nevada,MO,64772,2,29,4,37.836127,-94.371311,0.7063,1019,269,0.6431,0.0483,0.1041,0.0037,0.0223,0.0037,0.1152,PrivacySuppressed,33900,0.616,16910,31100,PrivacySuppressed,14739,NULL,NULL,NULL,NULL,29170,19300,19300,0.4693,0.6643,0.64045,0.6412,0.4167,1,NULL,1,12000,5500,8728.5,10143.5,12000,10000,11000,60,64,78,116,226,0.842105263,0.626794258,0.6613,NULL
177126,470700,4707,Covenant Theological Seminary,Saint Louis,MO,63141-8609,2,29,4,38.643066,-90.451323,NULL,NULL,NULL,NULL,NULL,NULL,NULL,NULL,NULL,NULL,NULL,NULL,NULL,NULL,NULL,NULL,NULL,NULL,NULL,NULL,NULL,NULL,NULL,NULL,NULL,NULL,NULL,NULL,NULL,NULL,NULL,NULL,PrivacySuppressed,PrivacySuppressed,PrivacySuppressed,PrivacySuppressed,PrivacySuppressed,PrivacySuppressed,PrivacySuppressed,PrivacySuppressed,PrivacySuppressed,PrivacySuppressed,PrivacySuppressed,PrivacySuppressed,PrivacySuppressed,PrivacySuppressed,NULL,NULL
177135,245900,2459,Crowder College,Neosho,MO,64850,1,29,4,36.811709,-94.363218,NULL,NULL,4285,0.817,0.0154,0.0817,0.0154,0.0219,0.004,0.0131,31000,33200,0.501,5514,25100,26300,5559,4461,6202,7456,8759,9166,2232,3048,0.5343,0.1902,0.243103739,NULL,NULL,NULL,NULL,8400,5059,6250,6000,5000,6443,4904,857,477,199,1217,1237,0.278156997,0.913993174,NULL,0.636,
177144,246000,2460,Culver-Stockton College,Canton,MO,63435-1299,2,29,4,40.130064,-91.526682,0.5772,986,931,0.739,0.1278,0.0473,0.0043,0.0032,0.0075,0.0537,41200,45900,0.746,17989,35800,33500,15144,NULL,NULL,NULL,NULL,34565,24050,24050,0.5084,0.8024,0.428885082,0.445,0.2778,0.25,NULL,0.5,23702,10353.5,14375,15699,15468,16213,12500,218,176,168,376,508,0.963394343,0.610648919,0.7591,NULL
177214,246100,2461,Drury University,Springfield,MO,65802-3791,2,29,4,37.219757,-93.285773,0.7441,1185,3790,0.8222,0.038,0.0507,0.0113,0.0098,0.0018,0.0454,36400,44000,0.778,21824,31700,30600,23295,NULL,NULL,NULL,NULL,33480,23885,23885,0.5091,0.576,0.598630859,0.6627,0.381,0.2143,0.4444,1,23454,8250,13500,15250,14205,15750,11000,1350,745,442,1949,2385,0.773249739,0.777951933,0.8453,NULL
177250,886200,8862,East Central College,Union,MO,63084,1,29,4,38.430296,-90.975535,NULL,NULL,2914,0.9537,0.0117,0.0137,0.0038,0.0034,0.001,0,31200,37100,0.644,6880,27100,27000,6054,6627,8303,9133,10175,11081,2280,4488,0.4887,0.2131,0.173498876,NULL,NULL,NULL,NULL,12096,7125,8975,6840,5500,8600,5250,661,335,195,939,1119,0.265547878,0.908193485,NULL,0.5673,
177278,246200,2462,Eden Theological Seminary,Webster Groves,MO,63119-3192,2,29,4,38.592307,-90.345605,NULL,NULL,NULL,NULL,NULL,NULL,NULL,NULL,NULL,NULL,NULL,NULL,0.548,NULL,NULL,NULL,NULL,NULL,NULL,NULL,NULL,NULL,NULL,NULL,NULL,NULL,NULL,NULL,NULL,NULL,NULL,NULL,PrivacySuppressed,PrivacySuppressed,PrivacySuppressed,PrivacySuppressed,PrivacySuppressed,PrivacySuppressed,PrivacySuppressed,PrivacySuppressed,PrivacySuppressed,PrivacySuppressed,PrivacySuppressed,PrivacySuppressed,NULL,NULL,NULL,NULL
177287,2564700,25647,Elaine Steven Beauty College,Saint Louis,MO,63136-5618,3,29,4,38.761399,-90.278574,NULL,NULL,180,0.2833,0.6944,0.0056,0,0.0056,0,0,PrivacySuppressed,PrivacySuppressed,NULL,14355,15000,PrivacySuppressed,14208,NULL,NULL,NULL,NULL,NULL,NULL,NULL,0.6875,0.5724,0.443490435,NULL,NULL,NULL,NULL,11246.5,2950,7111,PrivacySuppressed,PrivacySuppressed,PrivacySuppressed,PrivacySuppressed,179,PrivacySuppressed,PrivacySuppressed,191,249,0.838174274,0.921161826,NULL,0.575,
177302,1040500,10405,Pinnacle Career Institute-South Kansas City,Kansas City,MO,64131-3367,3,29,4,38.942064,-94.579691,NULL,NULL,580,0.5638,0.2586,0.0724,0.0034,0.0086,0.0155,0,PrivacySuppressed,PrivacySuppressed,0.237,21127,30900,30700,21054,NULL,NULL,NULL,NULL,24907,14048,14048,0.8162,0.8486,0.68338078,NULL,NULL,NULL,NULL,12204.5,4398,8889,11256,10788,9326.5,11818,1213,230,71,1350,2584,0.857323232,0.899621212,NULL,0.574,
177339,246300,2463,Evangel University,Springfield,MO,65802-2125,2,29,4,37.220956,-93.262614,0.6453,1055,1788,0.7679,0.0436,0.0475,0.0179,0.0084,0,0.0056,39300,40100,0.611,21336,34700,35700,17922,NULL,NULL,NULL,NULL,32183,20796,20796,0.4887,0.9355,0.504419062,0.5179,0.3125,0.5,0.25,0,22062,10270,15125,16000,15500,18271,12000,466,523,425,878,1057,0.930269414,0.569730586,0.7511,NULL
177418,246400,2464,Fontbonne University,Saint Louis,MO,63105-3098,2,29,4,38.642697,-90.315712,0.9061,1052,1121,0.6878,0.1597,0.0294,0.0134,0.0027,0.0009,0.0776,44800,50000,0.702,16717,39400,35300,10924,NULL,NULL,NULL,NULL,32882,22770,22770,0.3441,0.6702,0.444731579,0.5615,0.2105,0.6,0.4,0,26959,18250,25500,23252,18750,26500,16630,389,263,274,553,1219,0.964218456,0.467043315,0.6815,NULL
177427,2164200,21642,Forest Institute of Professional Psychology,Springfield,MO,65807,2,29,4,37.189914,-93.2937,NULL,NULL,NULL,NULL,NULL,NULL,NULL,NULL,NULL,NULL,NULL,NULL,0.763,NULL,NULL,NULL,NULL,NULL,NULL,NULL,NULL,NULL,NULL,NULL,NULL,NULL,NULL,NULL,NULL,NULL,NULL,NULL,PrivacySuppressed,PrivacySuppressed,PrivacySuppressed,PrivacySuppressed,PrivacySuppressed,PrivacySuppressed,PrivacySuppressed,PrivacySuppressed,PrivacySuppressed,PrivacySuppressed,PrivacySuppressed,PrivacySuppressed,PrivacySuppressed,PrivacySuppressed,NULL,NULL
177436,2056100,20561,Four Rivers Career Center,Washington,MO,63090-4235,1,29,4,38.547707,-91.020914,NULL,NULL,36,1,0,0,0,0,0,0,PrivacySuppressed,PrivacySuppressed,NULL,17364,PrivacySuppressed,PrivacySuppressed,15968,22294,23423,NULL,NULL,23423,13686,13686,0.5476,0.6667,0.842077193,NULL,NULL,NULL,NULL,PrivacySuppressed,PrivacySuppressed,9500,PrivacySuppressed,PrivacySuppressed,PrivacySuppressed,PrivacySuppressed,31,PrivacySuppressed,PrivacySuppressed,40,53,0.80952381,0.841269841,NULL,0.7059,
177472,3083000,30830,Ozarks Technical Community College,Springfield,MO,65802,1,29,4,37.216479,-93.279985,NULL,NULL,12373,0.8583,0.0306,0.0386,0.0165,0.0078,0.0011,0.0001,34400,37200,PrivacySuppressed,7096,27800,28000,6265,7379,9191,11049,11454,11454,2784,5064,0.556,0.386,0.208022734,NULL,NULL,NULL,NULL,13000,6295,8000,7483.5,5500,8195,5500,5045,1960,828,6522,5667,0.476335164,0.880565619,NULL,0.6031,
177542,908900,9089,Hannibal-LaGrange University,Hannibal,MO,63401,2,29,4,39.730785,-91.391423,0.6118,NULL,865,0.8104,0.0347,0.0162,0.0023,0.0035,0.0058,0.1064,34900,38400,0.565,16509,33400,33000,14959,NULL,NULL,NULL,NULL,29079,19530,19530,0.3154,0.5114,0.479719938,0.3817,0.2727,0.25,1,NULL,19424,9500,14092.5,15000,12749.5,14750,13392,256,246,186,431,611,0.922123894,0.637168142,0.5749,NULL
177551,246600,2466,Harris-Stowe State University,Saint Louis,MO,63103-2136,1,29,4,38.631744,-90.224288,NULL,NULL,1256,0.0756,0.8272,0.0167,0.0016,0.0008,0,0.0064,PrivacySuppressed,PrivacySuppressed,0.693,9064,28200,28100,8613,9728,11822,12444,12199,14587,5210,9853,0.7558,0.8398,0.092850127,0.875,0.1733,NULL,NULL,0,25164,8338.5,9500,10000,10575,9500,9000,820,201,68,994,1266,0.840646651,0.885681293,0.5055,NULL
177579,1027900,10279,Hickey College,Saint Louis,MO,63114,3,29,4,38.709193,-90.408635,NULL,NULL,415,0.7518,0.1735,0.0169,0.0072,0.0024,0.0024,0,30800,33300,0.542,17023,29000,26200,14779,NULL,NULL,NULL,NULL,20955,13850,13850,0.6092,0.8976,0.757998221,0.7,0.7333,0,0.6667,NULL,13625,5652,12921,13624.5,12000,13029,12887,242,160,122,347,627,0.965517241,0.666061706,NULL,NULL
177588,960700,9607,House of Heavilin Beauty College-Kansas City,Kansas City,MO,64110-2826,3,29,4,39.023092,-94.574045,NULL,NULL,37,0.027,0.973,0,0,0,0,0,PrivacySuppressed,PrivacySuppressed,0.619,16744,15000,PrivacySuppressed,16744,NULL,NULL,NULL,NULL,NULL,NULL,NULL,0.5522,0.6418,0.50906,NULL,NULL,NULL,NULL,11477,4750,PrivacySuppressed,PrivacySuppressed,PrivacySuppressed,PrivacySuppressed,PrivacySuppressed,PrivacySuppressed,PrivacySuppressed,PrivacySuppressed,PrivacySuppressed,111,0.73015873,PrivacySuppressed,NULL,0.5,
177603,959000,9590,Independence College of Cosmetology,Independence,MO,64055,3,29,4,39.079522,-94.425816,NULL,NULL,47,0.8511,0.1064,0.0426,0,0,0,0,PrivacySuppressed,PrivacySuppressed,0.155,13055,18900,PrivacySuppressed,13072,NULL,NULL,NULL,NULL,NULL,NULL,NULL,0.5294,0.5098,0.607625316,NULL,NULL,NULL,NULL,10308,4020.5,9094,PrivacySuppressed,PrivacySuppressed,PrivacySuppressed,PrivacySuppressed,42,PrivacySuppressed,PrivacySuppressed,PrivacySuppressed,137,0.802816901,PrivacySuppressed,NULL,1,
177676,246800,2468,Jefferson College,Hillsboro,MO,63050-2440,1,29,4,38.259889,-90.558954,NULL,NULL,4705,0.9061,0.0183,0.0121,0.0072,0.0089,0.0011,0.0036,34600,36100,0.364,6363,30000,28600,5346,6121,7584,8873,8598,10434,2328,4656,0.4675,0.2484,0.241351947,NULL,NULL,NULL,NULL,10500,5500,7632,6375,5023.5,7700,4750,878,549,394,1280,1667,0.337593985,0.844360902,NULL,0.5869,
177685,3077200,30772,Paul Mitchell the School-Missouri Columbia,Columbia,MO,65202,3,29,4,38.969222,-92.310417,NULL,NULL,53,0.6981,0.1887,0.0377,0.0189,0.0189,0,0,PrivacySuppressed,PrivacySuppressed,0.604,9795,PrivacySuppressed,PrivacySuppressed,9295,NULL,NULL,NULL,NULL,NULL,NULL,NULL,0.7368,0.8596,0.708320833,NULL,NULL,NULL,NULL,9833,5500,PrivacySuppressed,PrivacySuppressed,PrivacySuppressed,PrivacySuppressed,PrivacySuppressed,36,PrivacySuppressed,PrivacySuppressed,PrivacySuppressed,53,PrivacySuppressed,0.8,NULL,0.7778,
177719,638900,6389,Barnes-Jewish College Goldfarb School of Nursing,Saint Louis,MO,63110,2,29,4,38.636881,-90.260648,NULL,NULL,592,0.8176,0.0608,0.0236,0.027,0,0,0,57500,59700,PrivacySuppressed,NULL,53300,51600,NULL,NULL,NULL,NULL,NULL,NULL,NULL,NULL,0.2385,0.8012,NULL,NULL,NULL,NULL,NULL,19062,10000,23958,17000,15000,25000,15000,342,215,284,237,554,PrivacySuppressed,0.202003339,NULL,NULL,
177746,247300,2473,Kansas City Art Institute,Kansas City,MO,64111-1874,2,29,4,39.046353,-94.583594,0.5997,1086,650,0.6154,0.0569,0.08,0.0246,0.0015,0,0,28700,36100,0.863,27967,28600,27800,25257,NULL,NULL,NULL,NULL,48454,35118,35118,0.4222,0.6861,0.555154483,0.54,0.375,0.5,1,0.6667,27000,12000,25250,22983,25000,25252,22250,141,119,169,249,406,0.969040248,0.563467492,0.773,NULL
177816,247600,2476,Kenrick Glennon Seminary,Saint Louis,MO,63119-4399,2,29,4,38.584608,-90.324024,1,NULL,61,0.9344,0,0.0164,0.0328,0,0,0.0164,NULL,NULL,0.585,26350,NULL,NULL,26350,NULL,NULL,NULL,NULL,31995,18737,18737,0.0556,0.037,1,1,NULL,NULL,NULL,NULL,PrivacySuppressed,PrivacySuppressed,PrivacySuppressed,PrivacySuppressed,PrivacySuppressed,PrivacySuppressed,PrivacySuppressed,PrivacySuppressed,PrivacySuppressed,PrivacySuppressed,PrivacySuppressed,PrivacySuppressed,PrivacySuppressed,PrivacySuppressed,0.875,NULL
177834,247700,2477,A T Still University of Health Sciences,Kirksville,MO,63501,2,29,4,40.193648,-92.589183,NULL,NULL,NULL,NULL,NULL,NULL,NULL,NULL,NULL,NULL,PrivacySuppressed,PrivacySuppressed,NULL,NULL,219800,PrivacySuppressed,NULL,NULL,NULL,NULL,NULL,NULL,NULL,NULL,NULL,NULL,NULL,NULL,NULL,NULL,NULL,NULL,PrivacySuppressed,PrivacySuppressed,PrivacySuppressed,PrivacySuppressed,PrivacySuppressed,PrivacySuppressed,PrivacySuppressed,PrivacySuppressed,PrivacySuppressed,PrivacySuppressed,PrivacySuppressed,PrivacySuppressed,NULL,NULL,NULL,NULL
177870,2263400,22634,Lake Career and Technical Center,Camdenton,MO,65020,1,29,4,38.006275,-92.733697,NULL,NULL,19,1,0,0,0,0,0,0,PrivacySuppressed,PrivacySuppressed,0.925,2402,PrivacySuppressed,PrivacySuppressed,2402,NULL,NULL,NULL,NULL,5625,4500,4500,0.6154,0,0.947365789,NULL,NULL,NULL,NULL,PrivacySuppressed,PrivacySuppressed,PrivacySuppressed,PrivacySuppressed,PrivacySuppressed,PrivacySuppressed,PrivacySuppressed,PrivacySuppressed,PrivacySuppressed,PrivacySuppressed,PrivacySuppressed,NULL,PrivacySuppressed,PrivacySuppressed,NULL,1,
177931,2142200,21422,Lex La-Ray Technical Center,Lexington,MO,64067-1525,1,29,4,39.174204,-93.86742,1,NULL,35,0.9429,0.0286,0,0,0,0,0,PrivacySuppressed,PrivacySuppressed,PrivacySuppressed,12211,PrivacySuppressed,PrivacySuppressed,10649,14133,15163,16707,NULL,NULL,NULL,NULL,0.617,0.5957,0.773598113,NULL,NULL,NULL,NULL,9500,PrivacySuppressed,10499,PrivacySuppressed,PrivacySuppressed,9500,8749,30,16,13,36,53,PrivacySuppressed,0.666666667,NULL,0.6154,
177940,247900,2479,Lincoln University,Jefferson City,MO,65101,1,29,4,38.564409,-92.168509,NULL,NULL,2377,0.3824,0.4922,0.0202,0.0021,0.0029,0,0.021,32900,35600,PrivacySuppressed,10043,29500,30200,9070,9299,11539,10997,13505,15202,6988,13378,0.5591,0.6722,0.248174733,0.4438,0.1593,0,0,0,25915,9500,12124,14250,11500,12750,10000,1098,504,253,1553,1718,0.877288136,0.814237288,0.6471,NULL
177968,248000,2480,Lindenwood University,Saint Charles,MO,63301-1695,2,29,4,38.788203,-90.502825,0.5288,1038,7986,0.6027,0.1404,0.0379,0.0049,0.0034,0.0025,0.117,45500,46300,0.587,21985,39700,38700,20308,NULL,NULL,NULL,NULL,30929,15580,15580,0.3346,0.6221,0.475387316,0.5616,0.4938,0.5938,0.4,0,27000,11875,19000,19912,17063,21500,15000,1970,1554,1853,3152,3689,0.937644937,0.558876578,0.701,NULL
177977,471100,4711,State Technical College of Missouri,Linn,MO,65051-9607,1,29,4,38.468301,-91.811298,NULL,NULL,1177,0.9524,0.0085,0.011,0.0025,0.0025,0.0008,0,41500,44000,0.754,9141,37500,39100,8863,8778,9136,9293,10664,15612,5820,10560,0.4049,0.5811,0.591206374,NULL,NULL,NULL,NULL,10450,5500,8808,8750,8837,8750,8750,313,338,296,530,809,0.819056785,0.615014437,NULL,0.7884,
177986,470300,4703,Logan University,Chesterfield,MO,63017,2,29,4,38.63133,-90.542333,NULL,NULL,47,0.6383,0.0213,0.0213,0.0213,0,0,0,PrivacySuppressed,PrivacySuppressed,0.749,NULL,40500,51300,NULL,NULL,NULL,NULL,NULL,NULL,NULL,NULL,0.5192,0.8269,NULL,NULL,NULL,NULL,NULL,8050,6500,8050,9500,6050,11400,6500,134,41,40,60,206,PrivacySuppressed,0.463157895,NULL,NULL,
177995,248400,2484,Metropolitan Community College-Kansas City,Kansas City,MO,64111-2429,1,29,4,39.06855,-94.591181,NULL,NULL,15547,0.63,0.1696,0.0924,0.0273,0.0036,0.003,0.0048,35100,43300,0.715,7954,29500,28800,7365,7815,9330,10768,11340,12226,2880,6900,0.3917,0.1165,0.150445741,NULL,NULL,NULL,NULL,8099,4750,5745.5,5000,4254,5650,4500,2512,1002,773,3067,4570,0.211958511,0.912751678,NULL,0.5595,
178004,666600,6666,Lutheran School of Nursing,Saint Louis,MO,63118-3909,3,29,4,38.590633,-90.226027,1,NULL,219,0.7078,0.1963,0.0274,0.0228,0,0,0.0091,PrivacySuppressed,PrivacySuppressed,0.594,24585,45400,PrivacySuppressed,24585,NULL,NULL,NULL,NULL,27980,10585,10585,0.5742,0.8038,0.4,NULL,NULL,NULL,NULL,19262,5840.5,17625,13481,12000,15250,12537,127,40,38,135,143,0.893491124,0.650887574,NULL,0,
178059,248200,2482,Maryville University of Saint Louis,Saint Louis,MO,63141-7299,2,29,4,38.645474,-90.505096,0.7205,1137,2736,0.7537,0.0797,0.0311,0.0194,0.0033,0.0018,0.0318,48900,55100,0.774,23025,45700,41300,22160,NULL,NULL,NULL,NULL,39236,25884,25884,0.3227,0.6568,0.666693137,0.6855,0.3333,0.5,0.7,NULL,24000,12000,19500,18750,18500,20189,16000,523,445,571,794,1473,0.913590604,0.468120805,0.8648,NULL
178077,2520800,25208,Merrell University of Beauty Arts and Science,Jefferson City,MO,65109,3,29,4,38.571277,-92.198331,NULL,NULL,105,0.8286,0.1143,0.0381,0,0,0,0,PrivacySuppressed,PrivacySuppressed,0.823,14730,23000,PrivacySuppressed,14730,NULL,NULL,NULL,NULL,NULL,NULL,NULL,0.6115,0.5605,0.705425581,NULL,NULL,NULL,NULL,9604,4750,9500,PrivacySuppressed,PrivacySuppressed,9500,9552,87,37,14,112,180,PrivacySuppressed,0.814814815,NULL,0.7222,
178110,2180200,21802,Metro Business College-Cape Girardeau,Cape Girardeau,MO,63701,3,29,4,37.327199,-89.565222,NULL,NULL,118,0.8729,0.1017,0.0169,0,0,0,0,PrivacySuppressed,PrivacySuppressed,0.465,11654,20100,19200,10842,NULL,NULL,NULL,NULL,16789,10325,10325,0.8467,0.8467,0.642867143,NULL,NULL,NULL,NULL,12873.5,5816,9500,8360,5500,9500,6967,515,95,24,579,885,0.911591356,0.888015717,NULL,0.6522,
178183,2121100,21211,Midwest Institute,Fenton,MO,63026,3,29,4,38.541682,-90.462402,NULL,NULL,225,0.7333,0.2622,0,0,0,0,0,PrivacySuppressed,PrivacySuppressed,0.319,19098,21000,19800,19098,NULL,NULL,NULL,NULL,NULL,NULL,NULL,0.383,0.461,0.80294,NULL,NULL,NULL,NULL,9500,6000,9500,9500,9500,9500,9500,173,63,30,192,441,0.926829268,0.740853659,NULL,0.8571,
178208,248500,2485,Midwestern Baptist Theological Seminary,Kansas City,MO,64118-4697,2,29,4,39.185691,-94.573185,0.7636,970,346,0.8035,0.0983,0.0289,0.0347,0.0029,0,0.0029,PrivacySuppressed,PrivacySuppressed,0.403,15338,PrivacySuppressed,PrivacySuppressed,12568,NULL,NULL,NULL,NULL,19733,5760,5760,0.4368,0.4023,0.21209697,0.4444,NULL,0,NULL,NULL,19000,5500,9250,5500,6500,8210,6475,53,41,20,85,76,0.741007194,0.755395684,0.8125,NULL
178217,248600,2486,Mineral Area College,Park Hills,MO,63601-1000,1,29,4,37.845614,-90.482675,NULL,NULL,3778,0.9029,0.0304,0.0095,0.0032,0.0056,0.0005,0.0011,31500,33400,PrivacySuppressed,8801,26100,25800,8185,8707,10114,11019,11312,13289,3110,5240,0.4097,0.1941,0.266498632,NULL,NULL,NULL,NULL,8443.5,6000,7500,6500,5500,7500,5500,816,331,148,1070,1097,0.344135803,0.901234568,NULL,0.6743,
178244,754000,7540,Missouri Baptist University,Saint Louis,MO,63141-8698,2,29,4,38.642017,-90.462606,0.6023,984,1706,0.7362,0.1202,0.0352,0.0106,0.0035,0,0.0164,37000,39700,0.527,17249,33100,30800,15670,NULL,NULL,NULL,NULL,32293,22760,22760,0.205,0.3375,0.441493883,0.4805,0.25,0.2727,0,0,21250,10500,15250,17500,14000,18750,12129.5,503,443,425,875,1017,0.907321594,0.642261353,0.6326,NULL
178262,2295700,22957,National Academy of Beauty Arts-Farmington,Farmington,MO,63640,3,29,4,37.787881,-90.434241,NULL,NULL,47,0.8085,0.1277,0,0.0213,0.0426,0,0,PrivacySuppressed,PrivacySuppressed,0.703,9190,PrivacySuppressed,PrivacySuppressed,9109,NULL,NULL,NULL,NULL,NULL,NULL,NULL,0.5952,0.9429,0.563844681,NULL,NULL,NULL,NULL,12400,3962,6376,PrivacySuppressed,PrivacySuppressed,PrivacySuppressed,PrivacySuppressed,93,36,14,127,224,0.771653543,PrivacySuppressed,NULL,0.6486,
178305,979500,9795,Missouri College,Brentwood,MO,63144,3,29,4,38.626527,-90.336949,NULL,NULL,584,0.3836,0.4144,0.0068,0.0086,0.0051,0.0051,0,29200,30900,PrivacySuppressed,18732,21600,21200,18076,NULL,NULL,NULL,NULL,23556,14702,14702,0.6148,0.7016,0.647704878,0.8364,0.5921,0.75,0.75,NULL,9500,4723,9418,9500,8873.5,9419,7928,653,115,70,702,1917,0.872291904,0.831242873,NULL,NULL
178314,2154900,21549,Missouri School of Barbering & Hairstyling-St. Louis,Florissant,MO,63031-4701,3,29,4,38.798449,-90.324023,NULL,NULL,19,0.3684,0.6316,0,0,0,0,0,PrivacySuppressed,PrivacySuppressed,0.417,9396,PrivacySuppressed,PrivacySuppressed,8676,NULL,NULL,NULL,NULL,NULL,NULL,NULL,0.7297,0.6757,0.898544928,NULL,NULL,NULL,NULL,PrivacySuppressed,PrivacySuppressed,PrivacySuppressed,PrivacySuppressed,PrivacySuppressed,PrivacySuppressed,PrivacySuppressed,PrivacySuppressed,PrivacySuppressed,PrivacySuppressed,23,13,PrivacySuppressed,0.53125,NULL,0.7143,
178341,248800,2488,Missouri Southern State University,Joplin,MO,64801-1595,1,29,4,37.095722,-94.460893,0.96,990,5076,0.7794,0.0662,0.0384,0.0215,0.0309,0.0002,0.0242,37600,42000,PrivacySuppressed,8314,33000,32500,7161,7811,8956,10530,11092,13542,5416,10450,0.5604,0.6277,0.369095713,0.3768,0.2703,0.2857,0.4444,0.4,21000,7500,10272,11000,10395,11530,8060,1654,1011,587,2488,2814,0.774454609,0.752287122,0.6536,NULL
178350,2304000,23040,Missouri Tech,Saint Charles,MO,63303-3887,3,29,4,38.768141,-90.522986,1,NULL,105,0.9429,0.0476,0.0095,0,0,0,0,PrivacySuppressed,PrivacySuppressed,0.68,23900,32700,PrivacySuppressed,NULL,NULL,NULL,NULL,NULL,23900,15530,15530,0.25,0.6204,0.7059,0.75,NULL,NULL,NULL,NULL,PrivacySuppressed,25275,20000,29500,27552,20000,29500,57,30,20,58,102,PrivacySuppressed,0.625,1,NULL
178369,248900,2489,Missouri Valley College,Marshall,MO,65340,2,29,4,39.108655,-93.190236,0.4378,NULL,1383,0.5589,0.1822,0.0499,0.008,0.0065,0.0116,0.154,35700,44400,0.725,16016,34700,30600,14797,NULL,NULL,NULL,NULL,29173,18400,18400,0.4632,0.6473,0.265341136,0.264,0.2471,0.4074,0,0,26562.5,8545,10875,10000,11000,12000,9500,444,342,295,769,1034,0.919287212,0.682389937,0.5152,NULL
178387,249000,2490,Missouri Western State University,Saint Joseph,MO,64507,1,29,4,39.7575,-94.785643,NULL,NULL,4783,0.7706,0.1215,0.0121,0.0128,0.0056,0.0023,0.0098,37000,39800,0.685,10367,32600,31600,8780,8814,11396,13016,13455,15805,6790,12420,0.4297,0.5185,0.349036066,0.389,0.1491,0.375,0.2,0.3333,22250,7500,10648,11030,11595,11500,9500,1358,921,722,2148,2921,0.776179057,0.723421263,0.6406,NULL
178396,251600,2516,University of Missouri-Columbia,Columbia,MO,65211,1,29,4,38.941015,-92.326429,0.7767,1166,27276,0.7923,0.0825,0.0349,0.0229,0.0017,0.0005,0.0322,51700,54800,0.67,17238,46000,58700,13035,13858,15936,19056,21119,22943,9433,24460,0.2138,0.4735,0.697758075,0.7097,0.5731,0.625,0.7402,0.6829,21647,9500,15937.5,17601,17500,19328,15000,2208,2669,5284,4432,7571,0.904976865,0.416431554,0.8619,NULL
178402,251800,2518,University of Missouri-Kansas City,Kansas City,MO,64110,1,29,4,39.035366,-94.578039,0.6426,1129,8127,0.5735,0.1561,0.0748,0.0666,0.003,0.0011,0.0425,55400,58900,0.835,18802,43700,49400,16488,16910,19857,21268,21834,24436,7774,18222,0.3212,0.4844,0.517731161,0.5789,0.2484,0.3077,0.7708,0.3333,20605,10250,16294,16252,13255.5,18000,12500,2287,1396,1492,3126,4336,0.844149208,0.605263158,0.7302,NULL
178411,251700,2517,Missouri University of Science and Technology,Rolla,MO,65409,1,29,4,37.955853,-91.7759,0.8585,1283,6418,0.7773,0.0368,0.0282,0.0276,0.0037,0.0014,0.0664,66200,65700,0.774,14874,64100,60200,10832,12001,14783,17529,17454,21798,8961,23771,0.2558,0.5193,0.629482863,0.6422,0.4902,0.5,0.5714,0.4286,25000,10500,19072.5,21500,18556,23500,15796,506,612,1047,1097,1885,0.891069676,0.450932287,0.8568,NULL
178420,251900,2519,University of Missouri-St Louis,Saint Louis,MO,63121-4400,1,29,4,38.711297,-90.308886,0.7578,1105,8936,0.622,0.1932,0.0254,0.0485,0.0043,0.0018,0.0311,45300,48900,0.866,12318,40000,40900,9704,10336,13681,15634,17258,22165,8844,23142,0.2927,0.4073,0.437158954,0.4624,0.2381,0.6667,0.3,0,21113.5,12139,18288,16750,14000,18909.5,13000,3025,1492,1389,3936,5278,0.848434138,0.654315085,0.7866,NULL
178448,249100,2491,Moberly Area Community College,Moberly,MO,65270-1304,1,29,4,39.418607,-92.455064,NULL,NULL,4167,0.8023,0.0922,0.0307,0.0144,0.0031,0.0007,0.0058,34200,33700,0.769,7661,27800,28000,7120,7321,8597,10535,11264,11979,2970,5820,0.589,0.3116,0.208793773,NULL,NULL,NULL,NULL,9625,5500,7388,5750,5500,7000,5500,1293,587,368,1693,2049,0.382548309,0.869263285,NULL,0.5608,
178466,826900,8269,Hillyard Technical Center,Saint Joseph,MO,64506-5102,1,29,4,39.768022,-94.808721,NULL,NULL,146,0.9315,0.0342,0.0205,0.0068,0,0,0,PrivacySuppressed,PrivacySuppressed,0.573,15155,37700,PrivacySuppressed,13209,NULL,16222,NULL,19927,NULL,NULL,NULL,0.5256,0.5962,0.9123,NULL,NULL,NULL,NULL,9500,PrivacySuppressed,9500,5825,9500,9500,9500,45,34,29,67,23,0.732919255,0.720496894,NULL,0.9,
178484,952000,9520,National Academy of Beauty Arts-St Louis,Saint Louis,MO,63128-0000,3,29,4,38.523473,-90.362748,NULL,NULL,115,0.7043,0.2348,0.0261,0.0261,0.0087,0,0,19700,23600,0.704,11055,18000,19100,10713,NULL,NULL,NULL,NULL,NULL,NULL,NULL,0.605,0.9475,0.626854229,NULL,NULL,NULL,NULL,9844,2750,6515,9500,9108.5,7589,6515,231,65,40,281,387,0.817843866,0.810408922,NULL,0.8082,
178518,249400,2494,Nazarene Theological Seminary,Kansas City,MO,64131-1246,2,29,4,39.01078,-94.566459,NULL,NULL,NULL,NULL,NULL,NULL,NULL,NULL,NULL,NULL,NULL,NULL,0.324,NULL,NULL,NULL,NULL,NULL,NULL,NULL,NULL,NULL,NULL,NULL,NULL,NULL,NULL,NULL,NULL,NULL,NULL,NULL,PrivacySuppressed,PrivacySuppressed,PrivacySuppressed,PrivacySuppressed,PrivacySuppressed,PrivacySuppressed,PrivacySuppressed,PrivacySuppressed,PrivacySuppressed,PrivacySuppressed,PrivacySuppressed,NULL,PrivacySuppressed,PrivacySuppressed,NULL,NULL
178527,2608000,26080,Neosho Beauty College,Neosho,MO,64850,3,29,4,36.869945,-94.3682,NULL,NULL,38,0.8947,0,0.1053,0,0,0,0,PrivacySuppressed,PrivacySuppressed,NULL,8138,11200,PrivacySuppressed,7769,NULL,NULL,NULL,NULL,NULL,NULL,NULL,0.7759,0.7586,0.6061,NULL,NULL,NULL,NULL,PrivacySuppressed,PrivacySuppressed,PrivacySuppressed,PrivacySuppressed,PrivacySuppressed,PrivacySuppressed,PrivacySuppressed,27,PrivacySuppressed,PrivacySuppressed,PrivacySuppressed,71,PrivacySuppressed,PrivacySuppressed,NULL,0.95,
178615,249500,2495,Truman State University,Kirksville,MO,63501-4221,1,29,4,40.188238,-92.580531,0.7448,1226,5394,0.8074,0.0367,0.0267,0.0206,0.0013,0.0009,0.0651,44200,49100,0.154,12148,43000,47200,7798,8966,11829,13931,15345,19368,7374,13438,0.2013,0.4266,0.711241667,0.7151,0.6418,0.5641,0.8571,0.6154,22250,9000,16696,17300,17500,19550,15750,283,517,1078,762,1580,0.878449795,0.43159131,0.88,NULL
178624,249600,2496,Northwest Missouri State University,Maryville,MO,64468-6001,1,29,4,40.352706,-94.884341,0.7658,1051,5222,0.811,0.0676,0.0316,0.0061,0.0027,0.0013,0.0349,PrivacySuppressed,PrivacySuppressed,PrivacySuppressed,10570,PrivacySuppressed,PrivacySuppressed,6839,8338,11342,13756,14391,17376,6525,11526,0.3537,0.6047,0.500349109,0.5175,0.2727,0.5238,0.5,0.1667,25375,8535,12558,15750,15000,16136,13479,768,1004,1179,1642,2766,0.864282812,0.555871597,0.7125,NULL
178679,2202700,22027,Ozark Christian College,Joplin,MO,64801,2,29,4,37.105242,-94.510906,NULL,NULL,726,0.8788,0.0138,0.0372,0.0041,0.0069,0.0014,0.0165,40500,44300,0.797,13472,38000,38800,10845,NULL,NULL,NULL,NULL,19321,11360,11360,0.4487,0.4221,0.47525019,0.4715,0,0.3333,1,0.6667,17500,5500,8250,10750,9250,11000,8000,103,153,115,244,317,0.794285714,0.588571429,0.7937,NULL
178697,250000,2500,College of the Ozarks,Point Lookout,MO,65726-0017,2,29,4,36.616019,-93.238174,0.0831,1074,1433,0.9204,0.0112,0.0195,0.0049,0.0049,0,0.0202,35300,PrivacySuppressed,0.763,10720,32500,PrivacySuppressed,10296,NULL,NULL,NULL,NULL,26900,18530,18530,0.6368,0,0.639644865,0.6423,0.4,0.25,0,1,PrivacySuppressed,PrivacySuppressed,PrivacySuppressed,PrivacySuppressed,PrivacySuppressed,PrivacySuppressed,PrivacySuppressed,PrivacySuppressed,PrivacySuppressed,PrivacySuppressed,PrivacySuppressed,NULL,PrivacySuppressed,PrivacySuppressed,0.8789,NULL
178721,249800,2498,Park University,Parkville,MO,64152-3795,2,29,4,39.189477,-94.677086,0.6663,NULL,9750,0.6031,0.1917,0.1309,0.0215,0.0073,0.0043,0.0111,48700,57700,0.687,9723,44300,44700,8732,NULL,NULL,NULL,NULL,19322,11170,11170,0.3334,0.465,0.42382,0.4308,0.25,0.75,0,0.4,20500,7782,10803.5,12451,13712,12500,11000,2352,1764,854,3517,4073,0.638187397,0.784517347,0.75,NULL
178767,855200,8552,Stevens-The Institute of Business & Arts,Saint Louis,MO,63103,3,29,4,38.63292,-90.201111,1,NULL,143,0.3217,0.6573,0.014,0.007,0,0,0,PrivacySuppressed,PrivacySuppressed,0.787,19970,26300,23200,18559,NULL,NULL,NULL,NULL,24204,17640,17640,0.7412,0.9647,0.614035088,0.8,0.6667,NULL,NULL,NULL,32620,13757,22212,PrivacySuppressed,PrivacySuppressed,22612,23729,116,23,13,130,172,PrivacySuppressed,0.8125,NULL,NULL
178828,543000,5430,Poplar Bluff Technical Career Center,Poplar Bluff,MO,63901-8960,1,29,4,36.7555,-90.3945,NULL,NULL,47,0.9362,0.0426,0.0213,0,0,0,0,PrivacySuppressed,PrivacySuppressed,0.536,17620,27700,PrivacySuppressed,16747,16126,21183,22952,NULL,NULL,NULL,NULL,0.7463,0.5672,0.880280282,NULL,NULL,NULL,NULL,PrivacySuppressed,PrivacySuppressed,8000,PrivacySuppressed,PrivacySuppressed,PrivacySuppressed,PrivacySuppressed,47,PrivacySuppressed,PrivacySuppressed,62,50,0.774193548,0.892473118,NULL,0.9474,
178891,1250000,12500,Ranken Technical College,Saint Louis,MO,63113-2811,2,29,4,38.652886,-90.249045,NULL,NULL,1851,0.7099,0.2258,0.0205,0.0049,0.0043,0.0027,0,46900,54200,0.566,17399,46200,42900,15618,NULL,NULL,NULL,NULL,22451,14457,14457,0.4897,0.7158,0.793876025,0.8585,0.5238,1,0.3333,0.75,13970,8800,12550,12000,12000,12500,12000,1007,477,437,1260,1683,0.890962099,0.668221574,0.675,NULL
178989,639200,6392,Research College of Nursing,Kansas City,MO,64132-1199,3,29,4,39.008747,-94.558087,NULL,NULL,281,0.7189,0.0249,0.0498,0.0214,0,0,0,PrivacySuppressed,PrivacySuppressed,0.787,NULL,55500,PrivacySuppressed,NULL,NULL,NULL,NULL,NULL,NULL,NULL,NULL,0.1836,0.457,NULL,NULL,NULL,NULL,NULL,NULL,15000,6250,15264,15000,14420,15000,15000,82,57,57,49,160,PrivacySuppressed,0.23255814,NULL,NULL
179043,249900,2499,Rockhurst University,Kansas City,MO,64110-2561,2,29,4,39.030843,-94.571249,0.7694,1164,1671,0.7439,0.0437,0.058,0.0287,0.0024,0.0018,0.0144,46100,54200,0.882,19560,45600,47100,17125,NULL,NULL,NULL,NULL,43750,32865,32865,0.1615,0.4409,0.692396276,0.7074,0.3529,0.8462,0.6364,1,19950,9500,12500,15850,15000,21500,12500,211,207,415,312,852,0.954308094,0.310704961,0.8924,NULL
179052,542900,5429,Rolla Technical Institute/Center,Rolla,MO,65401,1,29,4,37.94702,-91.749081,0.6533,NULL,145,0.9103,0.0276,0.0207,0,0.0138,0,0,PrivacySuppressed,PrivacySuppressed,0.803,11310,25000,26200,10560,11585,10235,12460,NULL,NULL,NULL,NULL,0.4242,0.4632,0.778431737,NULL,NULL,NULL,NULL,10000,5500,9500,9500,8070,9500,8070,92,50,26,128,157,0.817142857,0.811428571,NULL,0.8667,
179070,2250600,22506,Everest College-Springfield,Springfield,MO,65807,3,29,4,37.18165,-93.304743,NULL,NULL,232,0.8534,0.0517,0.0216,0.0043,0.0086,0.0043,0,30000,41500,0.498,20865,24000,25000,20306,NULL,NULL,NULL,NULL,26013,13500,13500,0.8218,0.7129,0.397146099,0.4444,0.1333,0.5,0.5,0.5714,23534,10714,11833,16645.5,16908,14171,10500,1187,356,131,1420,1847,0.793155894,0.814448669,NULL,NULL
179159,250600,2506,Saint Louis University,Saint Louis,MO,63103-2097,2,29,4,38.636516,-90.23343,0.6108,1239,7822,0.6652,0.0697,0.0404,0.0828,0.0006,0,0.0672,57500,61800,0.479,30543,53800,59800,25531,NULL,NULL,NULL,NULL,52310,37966,37966,0.1319,0.3357,0.70643609,0.7566,0.4632,0.7143,0.7519,1,25500,10500,21019,23000,20936,25000,19500,860,926,1712,1517,2910,0.931125329,0.386149793,0.8761,NULL
179195,2214500,22145,Salem College of Hairstyling,Rolla,MO,65401,3,29,4,37.94439,-91.78492,NULL,NULL,48,0.9792,0,0.0208,0,0,0,0,PrivacySuppressed,PrivacySuppressed,0.864,4494,PrivacySuppressed,PrivacySuppressed,4494,NULL,NULL,NULL,NULL,NULL,NULL,NULL,0.7059,0,0.655193103,NULL,NULL,NULL,NULL,PrivacySuppressed,PrivacySuppressed,PrivacySuppressed,PrivacySuppressed,PrivacySuppressed,PrivacySuppressed,PrivacySuppressed,PrivacySuppressed,PrivacySuppressed,PrivacySuppressed,PrivacySuppressed,NULL,PrivacySuppressed,PrivacySuppressed,NULL,1,
179201,2205200,22052,Sanford-Brown College-Fenton,Fenton,MO,63026-3400,3,29,4,38.524676,-90.476278,NULL,NULL,15,0.4,0.1333,0,0,0,0,0,35700,38700,PrivacySuppressed,NULL,27400,25700,NULL,NULL,NULL,NULL,NULL,NULL,NULL,NULL,0.5926,0.7037,0.498962725,0.5281,0.2222,0.75,NULL,0,19785.5,6625,17375,17147,10625,18250,9347.5,173,44,26,199,3339,PrivacySuppressed,PrivacySuppressed,NULL,NULL
179229,2309100,23091,American College of Hair Design Inc,Sedalia,MO,65301,3,29,4,38.699237,-93.253073,NULL,NULL,29,0.7931,0.1034,0.069,0,0,0,0,PrivacySuppressed,PrivacySuppressed,0.54,11797,PrivacySuppressed,PrivacySuppressed,11797,NULL,NULL,NULL,NULL,NULL,NULL,NULL,0.7436,0.4359,0.59573617,NULL,NULL,NULL,NULL,PrivacySuppressed,PrivacySuppressed,PrivacySuppressed,PrivacySuppressed,PrivacySuppressed,PrivacySuppressed,PrivacySuppressed,PrivacySuppressed,PrivacySuppressed,PrivacySuppressed,PrivacySuppressed,49,0.717948718,PrivacySuppressed,NULL,0.5714,
179238,542600,5426,Sikeston Career and Technology Center,Sikeston,MO,63801-3347,1,29,4,36.875089,-89.569276,NULL,NULL,46,0.8478,0.1304,0.0217,0,0,0,0,PrivacySuppressed,PrivacySuppressed,PrivacySuppressed,12604,30400,PrivacySuppressed,12604,NULL,NULL,NULL,NULL,NULL,NULL,NULL,0.5571,0.5714,0.872312766,NULL,NULL,NULL,NULL,9500,PrivacySuppressed,9500,PrivacySuppressed,PrivacySuppressed,PrivacySuppressed,PrivacySuppressed,49,PrivacySuppressed,PrivacySuppressed,52,49,0.875,0.8125,NULL,0.625,
179256,1258000,12580,Saint Louis Christian College,Florissant,MO,63033,2,29,4,38.775771,-90.294569,0.9333,990,166,0.6024,0.3253,0.0361,0,0.006,0,0,PrivacySuppressed,PrivacySuppressed,0.635,12434,29300,PrivacySuppressed,10643,NULL,NULL,NULL,NULL,16116,9145,9145,0.5633,0.7143,0.3472,0.4839,0.3333,0,NULL,NULL,27000,14705,14924.5,20375,19000,18750,16750,80,48,23,127,231,0.868686869,0.747474748,0.5263,NULL
179265,250400,2504,St Louis College of Pharmacy,Saint Louis,MO,63110-1088,2,29,4,38.637165,-90.260357,NULL,1188,693,0.5815,0.0519,0.0058,0.1991,0.0014,0.0029,0.0245,PrivacySuppressed,98200,0.62,NULL,115800,PrivacySuppressed,NULL,NULL,NULL,NULL,NULL,39799,26872,26872,NULL,NULL,0.661089121,0.6647,0.4,0.3333,0.7,NULL,19349.5,8125,13125,19330,17500,19446,15500,68,110,224,137,409,0.972972973,0.339066339,0.8821,NULL
179308,247100,2471,Saint Louis Community College,Saint Louis,MO,63102-2810,1,29,4,38.62273,-90.190701,NULL,NULL,19362,0.5309,0.3482,0.0287,0.0339,0.0032,0.0012,0.0118,35900,42700,0.937,7112,27600,28400,6575,7594,9056,10315,11045,11923,3030,6060,0.5058,0.1143,0.097381264,NULL,NULL,NULL,NULL,7500,3750,4500,4397,3500,5000,3500,2423,883,540,2791,3009,0.124988055,0.934543717,NULL,0.5655,
179326,250200,2502,Southwest Baptist University,Bolivar,MO,65613-2596,2,29,4,37.601603,-93.410451,0.6185,1070,2477,0.8321,0.0509,0.019,0.0077,0.0089,0.0008,0,37900,38900,0.556,16739,31900,31700,16941,NULL,NULL,NULL,NULL,29870,20840,20840,0.4139,0.5611,0.504672482,0.532,0.1429,0.1429,0.5,0.5,20990,9500,12900,17375,14000,15488,12125,665,535,355,1080,1426,0.811390533,0.684911243,0.6725,NULL
179344,3106000,31060,Missouri State University-West Plains,West Plains,MO,65775-2715,1,29,4,36.729574,-91.857838,NULL,NULL,1571,0.8504,0.0325,0.0255,0.0102,0.0108,0.0032,0,PrivacySuppressed,PrivacySuppressed,0.654,11962,25600,25100,11703,11939,13208,15077,NULL,16714,3720,7140,0.529,0.3081,0.239617324,NULL,NULL,NULL,NULL,8750,5801.5,6750,5500.5,5500,6750,5500,593,262,93,779,956,0.4,0.905511811,NULL,0.3977,
179450,978200,9782,Saint Luke's College of Health Sciences,Kansas City,MO,64111,2,29,4,39.05216,-94.594501,NULL,NULL,372,0.7554,0.0403,0.0538,0.0403,0.0027,0,0,PrivacySuppressed,PrivacySuppressed,0.515,NULL,59500,PrivacySuppressed,NULL,NULL,NULL,NULL,NULL,NULL,NULL,NULL,0.3253,0.7173,NULL,NULL,NULL,NULL,NULL,NULL,24405,13219,25000,25000,15250,25000,19500,122,73,96,132,91,PrivacySuppressed,0.464435146,NULL,NULL
179511,2340500,23405,St Louis College of Health Careers-St Louis,Saint Louis,MO,63110,3,29,4,38.631599,-90.260564,NULL,NULL,305,0.0328,0.9213,0,0,0.0131,0,0,PrivacySuppressed,PrivacySuppressed,0.922,25021,23400,23400,25048,NULL,NULL,NULL,NULL,NULL,NULL,NULL,0.6745,0.5327,0.761757271,NULL,NULL,NULL,NULL,9500,6496,9500,9620,13000,9500,12000,926,111,43,983,1003,0.914486922,0.897384306,NULL,0.641,
179539,808000,8080,State Fair Community College,Sedalia,MO,65301-2199,1,29,4,38.699145,-93.269608,NULL,NULL,4024,0.8549,0.0452,0.0239,0.0062,0.0077,0.0015,0,34200,37600,0.46,6662,28900,29400,6179,6329,7953,8387,8613,11015,2352,4752,0.55,0.3801,0.214035307,NULL,NULL,NULL,NULL,10663,5250,5795,6500,5500,6000,5500,1544,687,301,2068,2213,0.362473982,0.898305085,NULL,0.5903,
179548,251200,2512,Stephens College,Columbia,MO,65215,2,29,4,38.950631,-92.322997,0.536,1064,667,0.6852,0.1559,0.045,0.015,0.0045,0.0045,0.003,PrivacySuppressed,36300,0.592,23211,33300,PrivacySuppressed,21336,NULL,NULL,NULL,NULL,42776,28510,28510,0.456,0.762,0.5383,0.4783,0.7,0.4286,0.5,0.3333,27000,9500,15000,20500,16000,18990.5,15666.5,160,149,147,256,510,0.965197216,0.56612529,0.6131,NULL
179557,250100,2501,Southeast Missouri State University,Cape Girardeau,MO,63701,1,29,4,37.31575,-89.529119,0.8478,1050,9382,0.7839,0.1009,0.0178,0.011,0.0052,0.0003,0.0673,38300,43000,0.637,12050,35900,37500,9393,9780,12731,14955,15629,17405,7058,12450,0.3487,0.4826,0.500625828,0.5249,0.4812,0.44,0.45,0.2,22105,8508,12500,14025,14000,14321,12000,1786,1470,1546,2960,4008,0.792069633,0.632253385,0.7271,NULL
179566,250300,2503,Missouri State University-Springfield,Springfield,MO,65897,1,29,4,37.197983,-93.276821,0.8503,1090,16177,0.8114,0.0446,0.0338,0.0134,0.0056,0.0015,0.0469,40300,44700,0.743,14866,36800,36900,11872,12511,14896,16406,17241,19251,7008,13668,0.329,0.4974,0.540446091,0.5684,0.3235,0.4318,0.3611,0.4118,22313,9500,14100,14667,14978,15811,12500,3085,2419,2760,4965,6689,0.847988078,0.589622002,0.7525,NULL
179645,471300,4713,Three Rivers Community College,Poplar Bluff,MO,63901,1,29,4,36.775114,-90.430212,NULL,NULL,3055,0.8242,0.1191,0.0196,0.0036,0.0072,0.0007,0.0003,31800,38200,0.741,8036,25400,27200,6746,7503,10227,12450,12284,12845,3348,6048,0.6041,0.4257,0.173119092,NULL,NULL,NULL,NULL,10000,7000,7802,6500,5500,7750,5500,1247,339,122,1519,1173,0.303007233,0.939094024,NULL,0.6106,
179715,251400,2514,North Central Missouri College,Trenton,MO,64683,1,29,4,40.077753,-93.618207,NULL,NULL,1182,0.9095,0.0262,0.0152,0.0017,0.0034,0,0.0169,31900,33400,0.51,7055,27100,27900,5985,6815,8087,8895,7776,12089,2880,5040,0.3833,0.2903,0.312935846,NULL,NULL,NULL,NULL,10202,5500,8732.5,6500,5500,8441,5500,414,261,146,615,765,0.485863874,0.818848168,NULL,0.5914,
179742,544500,5445,Truman Medical Center School of Nurse Anesthesia,Kansas City,MO,64108,2,29,4,39.085029,-94.575771,NULL,NULL,NULL,NULL,NULL,NULL,NULL,NULL,NULL,NULL,NULL,NULL,0.556,NULL,NULL,NULL,NULL,NULL,NULL,NULL,NULL,NULL,NULL,NULL,NULL,NULL,NULL,NULL,NULL,NULL,NULL,NULL,PrivacySuppressed,PrivacySuppressed,PrivacySuppressed,PrivacySuppressed,PrivacySuppressed,PrivacySuppressed,PrivacySuppressed,PrivacySuppressed,PrivacySuppressed,PrivacySuppressed,PrivacySuppressed,NULL,NULL,NULL,NULL,NULL
179812,247400,2474,Kansas City University of Medicine and Biosciences,Kansas City,MO,64106-1453,2,29,4,39.107553,-94.561374,NULL,NULL,NULL,NULL,NULL,NULL,NULL,NULL,NULL,NULL,NULL,NULL,NULL,NULL,NULL,NULL,NULL,NULL,NULL,NULL,NULL,NULL,NULL,NULL,NULL,NULL,NULL,NULL,NULL,NULL,NULL,NULL,PrivacySuppressed,PrivacySuppressed,PrivacySuppressed,PrivacySuppressed,PrivacySuppressed,PrivacySuppressed,PrivacySuppressed,PrivacySuppressed,PrivacySuppressed,PrivacySuppressed,PrivacySuppressed,PrivacySuppressed,NULL,NULL,NULL,NULL
179867,252000,2520,Washington University in St Louis,Saint Louis,MO,63130-4899,2,29,4,38.648125,-90.311639,0.1713,1478,6913,0.5539,0.0535,0.0583,0.1807,0.001,0.0001,0.0794,66700,82400,NULL,31281,62800,92900,11100,NULL,NULL,NULL,NULL,63755,46467,46467,0.0671,0.2184,0.9451397,0.9535,0.9231,0.9242,0.9774,0,20500,12750,16750,15760,20438,17500,20196.5,145,199,823,311,1132,0.806841046,0.306841046,0.9718,NULL
179894,252100,2521,Webster University,Saint Louis,MO,63119-3194,2,29,4,38.589269,-90.345654,0.7206,1105,3349,0.6238,0.1744,0.0397,0.0212,0.0042,0.0012,0.0308,46500,46900,0.885,20708,40500,40800,19985,NULL,NULL,NULL,NULL,39110,24600,24600,0.354,0.6485,0.613498202,0.6483,0.5,0.6667,0.5714,1,25000,12000,19707.5,20250,18600,21500,15500,998,689,759,1419,2123,0.914582062,0.541793777,0.77,NULL
179919,252200,2522,Wentworth Military Academy and College,Lexington,MO,64067-1799,2,29,4,39.187108,-93.872974,NULL,NULL,385,0.7039,0.0623,0.0701,0.0208,0.0078,0.0753,0,PrivacySuppressed,PrivacySuppressed,0.749,17306,26500,26600,15924,NULL,NULL,NULL,NULL,30439,19000,19000,0.2703,0.2573,0.306348649,NULL,NULL,NULL,NULL,12000,5608,11000,9500,5500,10067.5,7250,158,75,66,222,180,0.687116564,0.788343558,NULL,0.6074,
179946,252300,2523,Westminster College,Fulton,MO,65251-1299,2,29,4,38.847764,-91.954345,0.6634,1114,943,0.6532,0.0795,0.0392,0.0106,0.0223,0.0021,0.1591,PrivacySuppressed,48100,0.524,20280,39400,PrivacySuppressed,16742,NULL,NULL,NULL,NULL,34470,22560,22560,0.2925,0.7572,0.676649679,0.674,0.5882,0.4286,1,0.25,27000,9500,15875,20500,20000,20000,19500,122,129,193,245,377,0.92893401,0.568527919,0.7821,NULL
179955,252400,2524,William Jewell College,Liberty,MO,64068-1896,2,29,4,39.247848,-94.41207,0.6283,1141,1043,0.768,0.0566,0.0345,0.0096,0.0038,0.0019,0.0441,47700,48500,0.785,21094,42300,37700,17433,NULL,NULL,NULL,NULL,43791,31620,31620,0.2845,0.636,0.591304521,0.6026,0.6,0.8333,0,1,26625,9437.5,25000,24000,20750,25810,20500,148,155,239,229,527,0.937373737,0.38989899,0.7683,NULL
179964,252500,2525,William Woods University,Fulton,MO,65251-1098,2,29,4,38.857864,-91.949273,0.763,1042,990,0.8273,0.0424,0.0141,0.0051,0.0081,0.001,0.003,37200,41800,0.784,21058,34500,36300,19218,NULL,NULL,NULL,NULL,34371,21260,21260,0.3363,0.6138,0.545733518,0.5633,0.2,0.5,0,1,22282.5,5750,14125,17750,18625,17750,16282,158,177,202,312,596,0.875,0.532786885,0.7617,NULL
245342,2599700,25997,Vatterott College-Berkeley,Berkeley,MO,63134,3,29,4,38.721992,-90.311898,NULL,NULL,1287,0.0614,0.9161,0.0031,0,0.0062,0,0,38100,42500,0.711,17690,28300,27500,17644,NULL,NULL,NULL,NULL,23132,12644,12644,0.3438,0.2857,0.494322222,0.6667,0.4788,NULL,0,0.5,22001,7571,13000,16471,13000,13511,12303,6625,734,189,7164,8374,0.849956955,0.935801255,NULL,NULL
245421,2180202,21802,Metro Business College-Rolla,Rolla,MO,65401,3,29,4,37.938473,-91.754968,NULL,NULL,76,0.9737,0.0132,0,0.0132,0,0,0,PrivacySuppressed,PrivacySuppressed,0.561,11124,20100,19200,10738,NULL,NULL,NULL,NULL,16140,10325,10325,0.9437,0.9859,0.545439394,NULL,NULL,NULL,NULL,NULL,12873.5,5816,9500,8360,5500,9500,6967,515,95,24,579,885,0.911591356,0.888015717,NULL,0.6667
245430,2180201,21802,Metro Business College-Jefferson City,Jefferson City,MO,65109,3,29,4,38.58844,-92.250781,NULL,NULL,125,0.76,0.184,0.008,0.016,0.016,0,0,PrivacySuppressed,PrivacySuppressed,0.319,11437,20100,19200,10589,NULL,NULL,NULL,NULL,16303,10325,10325,0.838,0.8169,0.5699,NULL,NULL,NULL,NULL,NULL,12873.5,5816,9500,8360,5500,9500,6967,515,95,24,579,885,0.911591356,0.888015717,NULL,0.7143
247700,405704,4057,National American University-Independence,Independence,MO,64057-1791,3,29,4,39.051637,-94.359588,NULL,NULL,583,0.5832,0.295,0.0446,0.0051,0.0069,0.0034,0,43300,56400,0.319,16266,36100,30300,16266,NULL,NULL,NULL,NULL,20970,13071,13071,0.7852,0.8531,0.076919231,0,0,0,NULL,NULL,33523,9500,10626.5,16176.5,17500,12668,9500,9298,2302,626,10285,9295,0.849681267,0.760127493,1,NULL
260336,2497500,24975,Clinton Technical School,Clinton,MO,64735,1,29,4,38.363787,-93.7687,NULL,NULL,22,0.9545,0,0,0,0,0,0,NULL,NULL,0.68,21932,NULL,NULL,21784,NULL,NULL,22823,NULL,NULL,NULL,NULL,0.8431,0.8039,0.8276,NULL,NULL,NULL,NULL,NULL,PrivacySuppressed,PrivacySuppressed,PrivacySuppressed,PrivacySuppressed,PrivacySuppressed,PrivacySuppressed,PrivacySuppressed,30,PrivacySuppressed,PrivacySuppressed,PrivacySuppressed,42,PrivacySuppressed,PrivacySuppressed,NULL,1
261773,1173500,11735,Pike-Lincoln Technical Center,Eolia,MO,63344-0038,1,29,4,39.246069,-91.020347,NULL,NULL,22,0.9545,0,0,0,0,0,0,PrivacySuppressed,PrivacySuppressed,NULL,NULL,25300,PrivacySuppressed,NULL,NULL,NULL,NULL,NULL,NULL,NULL,NULL,0.56,0.44,0.8972,NULL,NULL,NULL,NULL,NULL,PrivacySuppressed,PrivacySuppressed,PrivacySuppressed,PrivacySuppressed,PrivacySuppressed,PrivacySuppressed,PrivacySuppressed,PrivacySuppressed,PrivacySuppressed,PrivacySuppressed,PrivacySuppressed,77,PrivacySuppressed,PrivacySuppressed,NULL,0.3333
262031,2530600,25306,St Charles Community College,Cottleville,MO,63376-0975,1,29,4,38.760425,-90.640147,NULL,NULL,6565,0.7992,0.0596,0.0385,0.0198,0.0032,0.0009,0.0084,36400,37100,0.51,3368,32300,33400,2162,3174,4560,6047,6444,7200,2400,5280,0.2394,0.1061,0.192867842,NULL,NULL,NULL,NULL,NULL,8508.5,4187.5,5250,4700,3750,5500,3600,496,407,537,685,1379,0.283351313,0.816972312,NULL,0.6059
363679,2568500,25685,Grabber School of Hair Design,St. Louis,MO,63126,3,29,4,38.55748,-90.390981,NULL,NULL,156,0.6923,0.2692,0.0192,0.0192,0,0,0,PrivacySuppressed,PrivacySuppressed,0.636,11107,17600,PrivacySuppressed,10740,NULL,NULL,NULL,NULL,NULL,NULL,NULL,0.549,0.6013,0.715075419,NULL,NULL,NULL,NULL,NULL,16325,5500,12969,13775,9725,13725,9725,134,40,30,166,148,0.932773109,0.819327731,NULL,0.66
365073,2543800,25438,Paris II Educational Center,Gladstone,MO,64118,3,29,4,39.218433,-94.576139,NULL,NULL,101,0.5446,0.2772,0.0891,0.0099,0.0198,0,0,PrivacySuppressed,PrivacySuppressed,0.403,7420,18700,17500,7420,NULL,NULL,NULL,NULL,NULL,NULL,NULL,0.6074,0.0736,0.53001694,NULL,NULL,NULL,NULL,NULL,7917,5065,6833.5,PrivacySuppressed,PrivacySuppressed,PrivacySuppressed,PrivacySuppressed,72,PrivacySuppressed,PrivacySuppressed,80,225,0.868055556,0.819444444,NULL,0.3333
365505,528900,5289,Waynesville Career Center,Waynesville,MO,65583,1,29,4,37.817383,-92.213802,NULL,NULL,54,0.7593,0.1852,0,0.0556,0,0,0,PrivacySuppressed,PrivacySuppressed,0.353,13963,PrivacySuppressed,PrivacySuppressed,15151,13386,4608,15374,NULL,NULL,NULL,NULL,0.5968,0.4677,0.85840177,NULL,NULL,NULL,NULL,NULL,PrivacySuppressed,PrivacySuppressed,PrivacySuppressed,PrivacySuppressed,PrivacySuppressed,PrivacySuppressed,PrivacySuppressed,22,PrivacySuppressed,PrivacySuppressed,PrivacySuppressed,72,0.78313253,0.843373494,NULL,0.8
369516,3066300,30663,Bryan University,Springfield,MO,65804,3,29,4,37.13528,-93.247901,NULL,NULL,318,0.5881,0.1887,0.0535,0.0063,0.0126,0.0031,0,PrivacySuppressed,PrivacySuppressed,PrivacySuppressed,19402,24900,PrivacySuppressed,19553,NULL,NULL,NULL,NULL,23463,15321,15321,0.7773,0.8329,0.273977626,0.2346,0.0909,0,NULL,0,24056,9490,16468,PrivacySuppressed,PrivacySuppressed,16997.5,15111,544,104,15,618,802,0.785714286,0.946428571,NULL,NULL
404365,2599702,25997,Vatterott College-Springfield,Springfield,MO,65807,3,29,4,37.210213,-93.275008,NULL,NULL,348,0.7931,0.0402,0.0086,0.0057,0.0316,0,0,38100,42500,0.5,19255,28300,27500,18806,NULL,NULL,NULL,NULL,24286,12181,12181,0.2788,0.2564,0.529398396,NULL,NULL,NULL,NULL,NULL,22001,7571,13000,16471,13000,13511,12303,6625,734,189,7164,8374,0.849956955,0.935801255,NULL,0.5455
404374,2599703,25997,Vatterott College-Joplin,Joplin,MO,64801,3,29,4,37.082755,-94.502022,NULL,NULL,264,0.7727,0.0341,0.0114,0,0.0189,0,0,38100,42500,0.561,17659,28300,27500,17659,NULL,NULL,NULL,NULL,23070,12274,12274,0.2966,0.2797,0.3425,NULL,NULL,NULL,NULL,NULL,22001,7571,13000,16471,13000,13511,12303,6625,734,189,7164,8374,0.849956955,0.935801255,NULL,0.3922
404383,2599701,25997,Vatterott College-Kansas City,Kansas City,MO,64117,3,29,4,39.16578,-94.495921,NULL,NULL,638,0.6223,0.2931,0.0564,0.0031,0.0047,0.0063,0,38100,42500,0.561,18992,28300,27500,18403,NULL,NULL,NULL,NULL,23671,12406,12406,0.3407,0.2463,0.4223875,NULL,NULL,NULL,NULL,NULL,22001,7571,13000,16471,13000,13511,12303,6625,734,189,7164,8374,0.849956955,0.935801255,NULL,0.4752
409120,2124500,21245,Franklin Technology-MSSU,Joplin,MO,64801-1595,1,29,4,37.097008,-94.459584,NULL,NULL,178,0.7921,0.0337,0.0337,0.0112,0.0506,0.0112,0,PrivacySuppressed,PrivacySuppressed,0.561,23235,24300,25800,20398,NULL,NULL,28910,NULL,NULL,NULL,NULL,0.6429,0.6582,0.750010256,NULL,NULL,NULL,NULL,NULL,7600,4750,7550,PrivacySuppressed,PrivacySuppressed,7600,9500,158,52,13,197,293,0.885714286,0.906122449,NULL,0.7297
417628,528800,5288,Kirksville Area Technical Center,Kirksville,MO,63501,1,29,4,40.185652,-92.56595,0.3182,NULL,34,1,0,0,0,0,0,0,PrivacySuppressed,PrivacySuppressed,0.47,9935,24500,PrivacySuppressed,10045,NULL,9272,NULL,NULL,NULL,NULL,NULL,0.8136,0.1525,0.8372,NULL,NULL,NULL,NULL,NULL,PrivacySuppressed,PrivacySuppressed,PrivacySuppressed,PrivacySuppressed,PrivacySuppressed,PrivacySuppressed,PrivacySuppressed,PrivacySuppressed,PrivacySuppressed,PrivacySuppressed,PrivacySuppressed,36,PrivacySuppressed,PrivacySuppressed,NULL,0.75
417637,542400,5424,South Central Career Center,West Plains,MO,65775,1,29,4,36.737658,-91.854915,NULL,NULL,58,0.9655,0,0.0172,0,0,0,0,PrivacySuppressed,PrivacySuppressed,0.491,9858,26800,27700,8167,8290,13360,11101,NULL,NULL,NULL,NULL,0.8909,0.9182,0.7833075,NULL,NULL,NULL,NULL,NULL,5974,PrivacySuppressed,5974,PrivacySuppressed,PrivacySuppressed,PrivacySuppressed,PrivacySuppressed,57,PrivacySuppressed,PrivacySuppressed,78,127,0.725,0.916666667,NULL,0.9167
417646,543800,5438,Saline County Career Center,Marshall,MO,65340-1698,1,29,4,39.115031,-93.21108,0.4348,NULL,23,0.913,0.0435,0.0435,0,0,0,0,PrivacySuppressed,PrivacySuppressed,0.55,11089,PrivacySuppressed,PrivacySuppressed,11992,9735,NULL,NULL,NULL,NULL,NULL,NULL,0.6087,0.6087,0.842105263,NULL,NULL,NULL,NULL,NULL,PrivacySuppressed,PrivacySuppressed,PrivacySuppressed,PrivacySuppressed,PrivacySuppressed,PrivacySuppressed,PrivacySuppressed,PrivacySuppressed,PrivacySuppressed,PrivacySuppressed,22,30,PrivacySuppressed,PrivacySuppressed,NULL,0.7
417655,1102600,11026,Warrensburg Area Career Center,Warrensburg,MO,64093,1,29,4,38.760988,-93.709802,NULL,NULL,39,1,0,0,0,0,0,0,PrivacySuppressed,PrivacySuppressed,PrivacySuppressed,8708,PrivacySuppressed,PrivacySuppressed,8870,7580,7070,NULL,NULL,NULL,NULL,NULL,0.7674,0.5581,0.818172727,NULL,NULL,NULL,NULL,NULL,PrivacySuppressed,PrivacySuppressed,9520,PrivacySuppressed,PrivacySuppressed,PrivacySuppressed,PrivacySuppressed,30,PrivacySuppressed,PrivacySuppressed,44,48,0.771428571,0.828571429,NULL,0.7368
417673,2203400,22034,Nevada Regional Technical Center,Nevada,MO,64772,1,29,4,37.861014,-94.363083,0.7,NULL,16,0.9375,0,0,0,0,0.0625,0,PrivacySuppressed,PrivacySuppressed,PrivacySuppressed,3950,PrivacySuppressed,PrivacySuppressed,3300,3750,4883,NULL,NULL,NULL,NULL,NULL,0.8421,0.7895,0.916647222,NULL,NULL,NULL,NULL,NULL,PrivacySuppressed,PrivacySuppressed,PrivacySuppressed,PrivacySuppressed,PrivacySuppressed,PrivacySuppressed,PrivacySuppressed,17,PrivacySuppressed,PrivacySuppressed,PrivacySuppressed,34,PrivacySuppressed,PrivacySuppressed,NULL,1
417682,2313000,23130,Cass Career Center,Harrisonville,MO,64701-2024,1,29,4,38.658014,-94.335682,0.4444,NULL,22,0.8182,0.0455,0,0.0455,0.0455,0,0,PrivacySuppressed,PrivacySuppressed,PrivacySuppressed,22617,PrivacySuppressed,PrivacySuppressed,22374,NULL,23345,NULL,NULL,NULL,NULL,NULL,0.5938,0.875,0.782604348,NULL,NULL,NULL,NULL,NULL,PrivacySuppressed,PrivacySuppressed,9500,PrivacySuppressed,PrivacySuppressed,PrivacySuppressed,PrivacySuppressed,29,PrivacySuppressed,PrivacySuppressed,33,42,PrivacySuppressed,0.651162791,NULL,0
417716,3068600,30686,Applied Technology Services,Sunset Hills,MO,63127,1,29,4,38.778863,-90.293882,0.7143,NULL,166,0.1867,0.7651,0,0.006,0,0,0,PrivacySuppressed,PrivacySuppressed,PrivacySuppressed,20565,38200,PrivacySuppressed,20032,21095,22696,NULL,NULL,NULL,NULL,NULL,0.8898,0.9576,0.847445763,NULL,NULL,NULL,NULL,NULL,14737,4750,14724,PrivacySuppressed,PrivacySuppressed,14724,14750,185,PrivacySuppressed,PrivacySuppressed,206,169,PrivacySuppressed,0.898678414,NULL,0.9091
417725,3070200,30702,Central College of Cosmetology,Saint Robert,MO,65584,3,29,4,37.814903,-92.14396,NULL,NULL,93,0.8817,0.0968,0.0108,0,0,0,0,PrivacySuppressed,PrivacySuppressed,0.719,4543,PrivacySuppressed,PrivacySuppressed,4543,NULL,NULL,NULL,NULL,NULL,NULL,NULL,0.6316,0,0.515441237,NULL,NULL,NULL,NULL,NULL,PrivacySuppressed,PrivacySuppressed,PrivacySuppressed,PrivacySuppressed,PrivacySuppressed,PrivacySuppressed,PrivacySuppressed,PrivacySuppressed,PrivacySuppressed,PrivacySuppressed,PrivacySuppressed,NULL,PrivacySuppressed,PrivacySuppressed,NULL,0.5
417734,3070900,30709,Southeast Missouri Hospital College of Nursing and Health Sciences,Cape Girardeau,MO,63703-4507,2,29,4,37.311629,-89.540101,0.8143,NULL,232,0.9224,0.0474,0.0086,0.0086,0,0,0,PrivacySuppressed,PrivacySuppressed,PrivacySuppressed,23699,49000,PrivacySuppressed,23699,NULL,NULL,NULL,NULL,28050,15690,15690,0.6216,0.9009,0.684210526,NULL,NULL,NULL,NULL,NULL,20500,12500,15250,16740,12000,20000,12000,87,64,38,110,163,0.926605505,0.422018349,NULL,0.5
419271,3097600,30976,St Louis Hair Academy,Saint Louis,MO,63107-1737,3,29,4,38.66547,-90.215765,NULL,NULL,14,0,1,0,0,0,0,0,PrivacySuppressed,PrivacySuppressed,0.811,23671,PrivacySuppressed,PrivacySuppressed,23671,NULL,NULL,NULL,NULL,NULL,NULL,NULL,0.8947,0,0.787866667,NULL,NULL,NULL,NULL,NULL,PrivacySuppressed,PrivacySuppressed,PrivacySuppressed,PrivacySuppressed,PrivacySuppressed,PrivacySuppressed,PrivacySuppressed,PrivacySuppressed,PrivacySuppressed,PrivacySuppressed,PrivacySuppressed,NULL,PrivacySuppressed,PrivacySuppressed,NULL,0.8
419280,3101000,31010,New Dimensions School of Hair Design,Joplin,MO,64801-5017,3,29,4,37.083054,-94.501914,NULL,NULL,63,0.9841,0,0,0,0.0159,0,0,PrivacySuppressed,PrivacySuppressed,PrivacySuppressed,9430,PrivacySuppressed,PrivacySuppressed,9604,NULL,NULL,NULL,NULL,NULL,NULL,NULL,0.6706,0.4824,0.410238462,NULL,NULL,NULL,NULL,NULL,PrivacySuppressed,PrivacySuppressed,PrivacySuppressed,PrivacySuppressed,PrivacySuppressed,PrivacySuppressed,PrivacySuppressed,PrivacySuppressed,PrivacySuppressed,PrivacySuppressed,PrivacySuppressed,52,0.8,PrivacySuppressed,NULL,0.8571
421771,3110900,31109,House of Heavilin Beauty College-Raymore,Raymore,MO,64083-9195,3,29,4,38.811837,-94.467206,NULL,NULL,35,0.6857,0.3143,0,0,0,0,0,PrivacySuppressed,PrivacySuppressed,PrivacySuppressed,16085,14900,PrivacySuppressed,16139,NULL,NULL,NULL,NULL,NULL,NULL,NULL,0.6528,0.6667,0.637714493,NULL,NULL,NULL,NULL,NULL,10400,5500,9500,PrivacySuppressed,PrivacySuppressed,PrivacySuppressed,PrivacySuppressed,46,PrivacySuppressed,PrivacySuppressed,PrivacySuppressed,79,PrivacySuppressed,PrivacySuppressed,NULL,0.8
431691,2188100,21881,Northland Career Center,Platte City,MO,64079,1,29,4,39.356472,-94.768905,NULL,NULL,32,0.9063,0.0625,0,0,0,0,0,PrivacySuppressed,PrivacySuppressed,0.298,9397,PrivacySuppressed,PrivacySuppressed,8004,10161,10894,13334,4074,NULL,NULL,NULL,0.4865,0.7297,0.940016,NULL,NULL,NULL,NULL,NULL,PrivacySuppressed,PrivacySuppressed,14530,PrivacySuppressed,PrivacySuppressed,14530,9233.5,24,11,14,29,61,PrivacySuppressed,0.618181818,NULL,1
434548,732966,7329,ITT Technical Institute-Arnold,Arnold,MO,63010,3,29,4,38.408913,-90.386702,0.9612,NULL,257,0.8366,0.0856,0.0117,0.0039,0.0039,0,0,40700,44900,PrivacySuppressed,23719,41400,37400,21471,NULL,NULL,NULL,NULL,27228,18048,18048,0.7457,0.7285,0.337189535,0.3289,0.2857,NULL,1,NULL,25827.5,9500,12667,17014,17000,13947,12667,46852,14813,4851,56021,52325,0.800189188,0.814378315,NULL,NULL
436182,2609202,26092,Vatterott College-St Joseph,Saint Joseph,MO,64506,3,29,4,39.80349,-94.815046,NULL,NULL,164,0.7561,0.0854,0.0244,0.0061,0.0122,0.0061,0,46300,47200,0.734,19741,38800,38200,19229,NULL,NULL,NULL,NULL,24732,12070,12070,0.3203,0.3377,0.453507063,NULL,NULL,NULL,NULL,NULL,20894.5,6334,13000,13875,12750,13000,12750,1784,249,73,1945,3046,0.817572892,0.924743893,NULL,0.4222
436191,2599705,25997,Vatterott College-Sunset Hills,Sunset Hills,MO,63127-1516,3,29,4,38.521026,-90.41884,NULL,NULL,514,0.572,0.1907,0.0039,0,0.0058,0.0039,0,PrivacySuppressed,PrivacySuppressed,0.721,18615,34200,32600,18220,NULL,NULL,NULL,NULL,22796,12260,12260,0.3061,0.274,0.694043421,0.7925,0.6437,0.5,0.8,0.75,22001,7571,13000,16471,13000,13511,12303,6625,734,189,7164,8374,0.849956955,0.935801255,1,NULL
440226,3519300,35193,Missouri College of Cosmetology North,Springfield,MO,65804-2000,3,29,4,37.17977,-93.234611,NULL,NULL,78,0.9359,0.0128,0,0.0128,0,0,0,38100,42500,0.689,7665,28300,27500,7761,NULL,NULL,NULL,NULL,NULL,NULL,NULL,0.9701,0.9925,0.704896721,NULL,NULL,NULL,NULL,NULL,7983.5,3500,6421,PrivacySuppressed,PrivacySuppressed,PrivacySuppressed,PrivacySuppressed,93,PrivacySuppressed,PrivacySuppressed,109,199,0.912280702,PrivacySuppressed,NULL,0.5926
441487,3579300,35793,Texas County Technical College,Houston,MO,65483,2,29,4,37.300083,-91.963425,NULL,NULL,125,1,0,0,0,0,0,0,PrivacySuppressed,PrivacySuppressed,0.561,21311,27700,PrivacySuppressed,20779,NULL,NULL,NULL,NULL,25935,16044,16044,0.9137,0.7914,0.73844,NULL,NULL,NULL,NULL,NULL,15000,4750.5,10707,PrivacySuppressed,PrivacySuppressed,13118,12875,142,56,17,187,207,0.850299401,0.868263473,NULL,0.7241
441496,3616300,36163,Aviation Institute of Maintenance-Kansas City,Kansas City,MO,64129,3,29,4,39.049869,-94.498289,NULL,NULL,83,0.6627,0.2048,0.0361,0.0241,0.0241,0.012,0,PrivacySuppressed,PrivacySuppressed,0.588,NULL,34500,36700,NULL,NULL,NULL,NULL,NULL,NULL,17997,17997,0.5326,0.5543,0.500002778,NULL,NULL,NULL,NULL,NULL,20000,4750,20000,PrivacySuppressed,PrivacySuppressed,PrivacySuppressed,PrivacySuppressed,79,PrivacySuppressed,PrivacySuppressed,100,268,0.698529412,0.830882353,NULL,NULL
442426,2340501,23405,St Louis College of Health Careers-Fenton,Fenton,MO,63026,3,29,4,38.544635,-90.470904,0.7872,NULL,406,0.5714,0.3227,0.0074,0.0025,0.0074,0.0025,0,PrivacySuppressed,PrivacySuppressed,0.677,NULL,23400,23400,NULL,NULL,NULL,NULL,NULL,NULL,NULL,NULL,0.6461,0.6408,0.725153081,NULL,NULL,NULL,NULL,NULL,9500,6496,9500,9620,13000,9500,12000,926,111,43,983,1003,0.914486922,0.897384306,NULL,0.8
445267,245300,2453,Central Methodist University-College of Graduate and Extended Studies,Fayette,MO,65248-1198,2,29,4,39.150383,-92.686156,NULL,NULL,1787,0.845,0.0907,0.009,0.0045,0.0062,0.0011,0,35000,39800,0.46,NULL,33700,33600,NULL,NULL,NULL,NULL,NULL,NULL,NULL,NULL,0.1651,0.2476,NULL,NULL,NULL,NULL,NULL,NULL,17093,9375,12500,11932,12500,12500,12000,888,774,583,1434,1162,0.828095238,0.665714286,NULL,NULL
445559,2599712,25997,Vatterott College-St Charles,St Charles,MO,63301,3,29,4,38.79131,-90.549431,NULL,NULL,396,0.7247,0.2247,0,0,0.0051,0,0,38100,42500,0.707,19422,28300,27500,18253,NULL,NULL,NULL,NULL,23643,12401,12401,0.3279,0.3443,0.493252685,NULL,NULL,NULL,NULL,NULL,22001,7571,13000,16471,13000,13511,12303,6625,734,189,7164,8374,0.849956955,0.935801255,NULL,0.7188
445726,2609203,26092,L'Ecole Culinaire-St Louis,St. Louis,MO,63124-1188,3,29,4,38.635397,-90.392161,NULL,NULL,308,0.3214,0.6006,0.013,0,0.0065,0,0,PrivacySuppressed,PrivacySuppressed,0.561,19628,34200,32600,19022,NULL,NULL,NULL,NULL,24567,14302,14302,0.2974,0.2825,0.361860311,NULL,NULL,NULL,NULL,NULL,20894.5,6334,13000,13875,12750,13000,12750,1784,249,73,1945,3046,0.817572892,0.924743893,NULL,0.5192
445814,2611004,26110,Heritage College-Kansas City,Kansas City,MO,64131,3,29,4,38.939585,-94.576787,NULL,NULL,514,0.6323,0.2743,0.0389,0.0136,0,0.0039,0.0019,27600,30900,0.689,20111,23700,22600,20038,NULL,NULL,NULL,NULL,NULL,NULL,NULL,0.6093,0.6448,0.615078237,NULL,NULL,NULL,NULL,NULL,11819,4750,9500,9500,9111,9500,9500,1839,603,244,2165,3306,0.842637823,0.807397069,NULL,0.6747
446464,3878300,38783,Professional Massage Training Center,Springfield,MO,65803,3,29,4,37.229872,-93.291313,0.8333,NULL,27,1,0,0,0,0,0,0,PrivacySuppressed,PrivacySuppressed,0.468,35832,PrivacySuppressed,PrivacySuppressed,35832,NULL,NULL,NULL,NULL,NULL,NULL,NULL,0.7143,0.8857,0.662350649,NULL,NULL,NULL,NULL,NULL,9500,9500,9500,PrivacySuppressed,PrivacySuppressed,PrivacySuppressed,PrivacySuppressed,46,33,10,71,165,PrivacySuppressed,PrivacySuppressed,NULL,1
446534,3916300,39163,eClips School of Cosmetology and Barbering,Cape Girardeau,MO,63701,3,29,4,37.305615,-89.547135,NULL,NULL,83,0.1446,0.8554,0,0,0,0,0,PrivacySuppressed,PrivacySuppressed,PrivacySuppressed,6123,PrivacySuppressed,PrivacySuppressed,4543,NULL,NULL,NULL,NULL,NULL,NULL,NULL,0.9496,0.9832,0.596680663,NULL,NULL,NULL,NULL,NULL,9500,4750,9500,PrivacySuppressed,PrivacySuppressed,PrivacySuppressed,PrivacySuppressed,127,PrivacySuppressed,PrivacySuppressed,PrivacySuppressed,138,0.602339181,PrivacySuppressed,NULL,0.6667
446899,10732918,7329,ITT Technical Institute-Kansas City,Kansas City,MO,64133,3,29,4,39.04798,-94.474973,0.9167,NULL,231,0.5887,0.2771,0.0346,0.013,0.0087,0.0087,0,46300,47200,PrivacySuppressed,24179,38800,38200,23684,NULL,NULL,NULL,NULL,28016,18048,18048,0.7901,0.7652,0.449232031,0.4568,0.3714,0.4,0.8571,0,25827.5,9500,12667,17014,17000,13947,12667,46852,14813,4851,56021,52325,0.800189188,0.814378315,NULL,NULL
447227,2300105,23001,Everest College-Earth City,Earth City,MO,63045,3,29,4,38.758834,-90.458969,NULL,NULL,185,0.2378,0.7135,0.0162,0,0,0,0,31800,31100,0.721,24520,28900,26500,24495,NULL,NULL,NULL,NULL,NULL,NULL,NULL,0.7017,0.5191,0.517465857,NULL,NULL,NULL,NULL,NULL,9500,4750,9500,9500,6655,9500,9336.5,1929,546,241,2206,4844,0.786092215,0.822373394,NULL,NULL
447999,3970400,39704,WellSpring School of Allied Health-Kansas City,Kansas City,MO,64114-3313,3,29,4,38.963226,-94.604997,NULL,NULL,133,0.7669,0.188,0.015,0.0226,0,0,0,PrivacySuppressed,PrivacySuppressed,0.569,25802,PrivacySuppressed,PrivacySuppressed,24694,NULL,NULL,NULL,NULL,NULL,NULL,NULL,0.6947,0.7965,0.8182,NULL,NULL,NULL,NULL,NULL,7783,2750,7125,7125,4125,7125,6440.5,149,68,35,178,232,0.876971609,0.700315457,NULL,0.8276
448008,3924300,39243,Hair Academy 110,Kirksville,MO,63501,3,29,4,40.195107,-92.582872,NULL,NULL,21,0.8571,0.0476,0.0952,0,0,0,0,PrivacySuppressed,PrivacySuppressed,PrivacySuppressed,8944,PrivacySuppressed,PrivacySuppressed,9281,NULL,NULL,NULL,NULL,NULL,NULL,NULL,0.6897,0.6897,0.722255556,NULL,NULL,NULL,NULL,NULL,PrivacySuppressed,PrivacySuppressed,PrivacySuppressed,PrivacySuppressed,PrivacySuppressed,PrivacySuppressed,PrivacySuppressed,PrivacySuppressed,PrivacySuppressed,PrivacySuppressed,PrivacySuppressed,30,PrivacySuppressed,PrivacySuppressed,NULL,0.8333
448585,405719,4057,National American University-Zona Rosa,Kansas City,MO,64153-1934,3,29,4,38.967346,-94.500869,NULL,NULL,382,0.6728,0.2042,0.0497,0.0026,0.0079,0.0026,0,43300,56400,PrivacySuppressed,17044,36100,30300,17044,NULL,NULL,NULL,NULL,19134,13071,13071,0.7883,0.9245,0.196084314,0,NULL,NULL,NULL,NULL,33523,9500,10626.5,16176.5,17500,12668,9500,9298,2302,626,10285,9295,0.849681267,0.760127493,0.3333,NULL
449162,1049008,10490,Regency Beauty Institute-Independence,Kansas City,MO,64136,3,29,4,39.033691,-94.412518,NULL,NULL,73,0.2877,0.2603,0.0137,0.0274,0,0,0,24600,27200,0.68,20663,21500,22100,20663,NULL,NULL,NULL,NULL,NULL,NULL,NULL,0.8407,0.8407,0.407198802,NULL,NULL,NULL,NULL,NULL,14144,4750,9500,10137,8375,9500,8688,8138,1607,857,9411,11641,0.866144853,0.887545824,NULL,0.4063
449171,1049009,10490,Regency Beauty Institute-St Peters,St. Peters,MO,63376,3,29,4,38.799569,-90.654425,NULL,NULL,109,0.4312,0.1835,0.0275,0,0,0,0,24600,27200,0.395,20188,21500,22100,20188,NULL,NULL,NULL,NULL,NULL,NULL,NULL,0.7469,0.7963,0.591278102,NULL,NULL,NULL,NULL,NULL,14144,4750,9500,10137,8375,9500,8688,8138,1607,857,9411,11641,0.866144853,0.887545824,NULL,0.7692
449205,1049012,10490,Regency Beauty Institute-Mehlville,Mehlville,MO,63129,3,29,4,38.499384,-90.333587,NULL,NULL,50,0.42,0.12,0,0,0.02,0,0,24600,27200,0.395,20004,21500,22100,20004,NULL,NULL,NULL,NULL,NULL,NULL,NULL,0.8077,0.7821,0.47789292,NULL,NULL,NULL,NULL,NULL,14144,4750,9500,10137,8375,9500,8688,8138,1607,857,9411,11641,0.866144853,0.887545824,NULL,0.4737
451316,4133300,41333,Trend Setters School of Cosmetology,Cape Girardeau,MO,63703-0000,3,29,4,37.284689,-89.556509,NULL,NULL,61,0.8689,0.0984,0,0,0,0,0,NULL,NULL,0.395,11880,NULL,NULL,11880,NULL,NULL,NULL,NULL,NULL,NULL,NULL,0.9412,0.8529,0.850905263,NULL,NULL,NULL,NULL,NULL,14897,PrivacySuppressed,9833,PrivacySuppressed,PrivacySuppressed,PrivacySuppressed,PrivacySuppressed,26,PrivacySuppressed,PrivacySuppressed,PrivacySuppressed,57,PrivacySuppressed,0.875,NULL,0.5333
451334,4037500,40375,Academy of Hair Design-Springfield,Springfield,MO,65804,3,29,4,37.179756,-93.263613,NULL,NULL,101,0.8614,0.0297,0.0396,0,0,0,0,NULL,NULL,NULL,10060,NULL,NULL,9000,NULL,NULL,NULL,NULL,NULL,NULL,NULL,0.6149,0.5093,0.728952336,NULL,NULL,NULL,NULL,NULL,7917,4750,7917,PrivacySuppressed,PrivacySuppressed,7917,6277.5,127,33,18,150,169,0.872641509,0.849056604,NULL,0.9524
453109,1040501,10405,Pinnacle Career Institute-North Kansas City,Kansas City,MO,64153,3,29,4,39.301199,-94.684474,NULL,NULL,140,0.75,0.0929,0.0929,0.0143,0.0071,0,0,PrivacySuppressed,PrivacySuppressed,NULL,21127,30900,30700,20769,NULL,NULL,NULL,NULL,24900,14048,14048,0.7764,0.882,0.784395167,NULL,NULL,NULL,NULL,NULL,12204.5,4398,8889,11256,10788,9326.5,11818,1213,230,71,1350,2584,0.857323232,0.899621212,NULL,0.6952
455071,4130600,41306,Healing Arts Center,St. Louis,MO,63122,3,29,4,38.602577,-90.388253,NULL,NULL,96,0.8646,0.1146,0,0.0104,0,0,0,NULL,NULL,0.611,NULL,NULL,NULL,NULL,NULL,NULL,NULL,NULL,NULL,NULL,NULL,0.3608,0.443,NULL,NULL,NULL,NULL,NULL,NULL,6365,3183,6365,PrivacySuppressed,PrivacySuppressed,6365,6365,82,23,17,86,131,PrivacySuppressed,0.610169492,NULL,NULL
455080,4145700,41457,Paul Mitchell the School-Springfield,Springfield,MO,65807,3,29,4,37.159135,-93.31815,NULL,NULL,93,0.9462,0.0215,0.0108,0,0,0,0,NULL,NULL,NULL,18634,NULL,NULL,18634,NULL,NULL,NULL,NULL,NULL,NULL,NULL,0.5596,0.7202,0.578611321,NULL,NULL,NULL,NULL,NULL,12500,4750,9833,9833,9833,9833,9833,125,30,26,149,229,0.920245399,0.81595092,NULL,0.4545
455099,4146100,41461,Urshan Graduate School of Theology,Florissant,MO,63031,2,29,4,38.801695,-90.364462,NULL,NULL,NULL,NULL,NULL,NULL,NULL,NULL,NULL,NULL,NULL,NULL,NULL,NULL,NULL,NULL,NULL,NULL,NULL,NULL,NULL,NULL,NULL,NULL,NULL,NULL,NULL,NULL,NULL,NULL,NULL,NULL,PrivacySuppressed,PrivacySuppressed,PrivacySuppressed,PrivacySuppressed,PrivacySuppressed,PrivacySuppressed,PrivacySuppressed,PrivacySuppressed,PrivacySuppressed,PrivacySuppressed,PrivacySuppressed,NULL,NULL,NULL,NULL,NULL
455673,2180204,21802,Metro Business College-Arnold,Arnold,MO,63010,3,29,4,38.44784,-90.366871,NULL,NULL,18,0.8889,0.0556,0.0556,0,0,0,0,PrivacySuppressed,PrivacySuppressed,NULL,9873,20100,19200,NULL,NULL,NULL,NULL,NULL,15168,10325,10325,0.9,0.98,0.750009722,NULL,NULL,NULL,NULL,NULL,12873.5,5816,9500,8360,5500,9500,6967,515,95,24,579,885,0.911591356,0.888015717,NULL,0.5
456302,2569307,25693,Le Cordon Bleu College of Culinary Arts-St Louis,St Peters,MO,63376,3,29,4,38.801588,-90.660121,NULL,NULL,243,0.6214,0.251,0.0165,0.0123,0.0165,0,0,36300,37700,0.319,20674,29600,33400,20403,NULL,NULL,NULL,NULL,24923,13351,13351,0.5993,0.8113,0.644204808,NULL,NULL,NULL,NULL,NULL,11250,5319,10773,11250,10346,10773,11249,1851,635,357,2121,8540,0.868832732,0.75511432,NULL,0.6986
456409,10732929,7329,ITT Technical Institute-Springfield,Springfield,MO,65807,3,29,4,37.154882,-93.275957,0.9024,NULL,166,0.8072,0.1024,0.0181,0.012,0.0241,0,0,46300,47200,0.603,23043,38800,38200,22534,NULL,NULL,NULL,NULL,27490,18048,18048,0.9078,0.7816,NULL,NULL,NULL,NULL,NULL,NULL,25827.5,9500,12667,17014,17000,13947,12667,46852,14813,4851,56021,52325,0.800189188,0.814378315,NULL,NULL
457688,4118700,41187,American Business and Technology University,St Joseph,MO,64506,3,29,4,39.77911,-94.820001,NULL,NULL,573,0.3333,0.2967,0.0105,0.0052,0.007,0,0,NULL,NULL,0.721,21509,NULL,NULL,21215,NULL,NULL,NULL,NULL,NULL,NULL,NULL,0.0684,0.0588,0.322204444,0.75,NULL,1,NULL,NULL,19000,8250,9500,PrivacySuppressed,PrivacySuppressed,9500,9500,233,60,14,244,51,0.406779661,0.894915254,NULL,NULL
457697,4119100,41191,City Vision University,Kansas City,MO,64109-1845,2,29,4,39.07043,-94.571091,NULL,NULL,55,0.5455,0.3091,0.0364,0.0182,0.0182,0,0,NULL,NULL,NULL,8919,NULL,NULL,8919,NULL,NULL,NULL,NULL,14000,6000,6000,0.3718,0.2821,NULL,NULL,NULL,NULL,NULL,NULL,PrivacySuppressed,3511,PrivacySuppressed,PrivacySuppressed,PrivacySuppressed,PrivacySuppressed,PrivacySuppressed,34,PrivacySuppressed,PrivacySuppressed,37,NULL,0.576923077,0.858974359,NULL,NULL
457703,4145200,41452,Transformed Barber and Cosmetology Academy,Kansas City,MO,64110,3,29,4,39.013169,-94.573032,NULL,NULL,81,0.0247,0.963,0.0123,0,0,0,0,NULL,NULL,NULL,13871,NULL,NULL,13871,NULL,NULL,NULL,NULL,NULL,NULL,NULL,0.731,0.5241,0.434744928,NULL,NULL,NULL,NULL,NULL,9500,4750,PrivacySuppressed,PrivacySuppressed,PrivacySuppressed,PrivacySuppressed,PrivacySuppressed,110,PrivacySuppressed,PrivacySuppressed,PrivacySuppressed,102,0.830882353,PrivacySuppressed,NULL,0.6667
458326,1049058,10490,Regency Beauty Institute-Springfield,Springfield,MO,65804,3,29,4,37.1604,-93.270911,NULL,NULL,58,0.4828,0.0345,0.0345,0,0.0172,0,0,24600,27200,NULL,20946,21500,22100,20946,NULL,NULL,NULL,NULL,NULL,NULL,NULL,0.798,0.8788,0.392528037,NULL,NULL,NULL,NULL,NULL,14144,4750,9500,10137,8375,9500,8688,8138,1607,857,9411,11641,0.866144853,0.887545824,NULL,0.3684
459435,4130300,41303,Victory Trade School,Springfield,MO,65803,2,29,4,37.22925,-93.292261,NULL,NULL,20,0.7,0.15,0.05,0,0,0.05,0,NULL,NULL,0.395,4771,NULL,NULL,4771,NULL,NULL,NULL,NULL,15100,6000,6000,0.5185,0,0.5,NULL,NULL,NULL,NULL,NULL,PrivacySuppressed,PrivacySuppressed,PrivacySuppressed,PrivacySuppressed,PrivacySuppressed,PrivacySuppressed,PrivacySuppressed,PrivacySuppressed,PrivacySuppressed,PrivacySuppressed,PrivacySuppressed,NULL,PrivacySuppressed,PrivacySuppressed,NULL,0.6667
460048,4051329,40513,Brown Mackie College-St Louis,Fenton,MO,63026,3,29,4,38.54435,-90.43652,NULL,NULL,504,0.5377,0.4048,0.0139,0.0079,0.004,0.004,0,PrivacySuppressed,PrivacySuppressed,NULL,17717,27400,27700,17454,NULL,NULL,NULL,NULL,22343,11187,11187,0.7634,0.7744,NULL,NULL,NULL,NULL,NULL,NULL,22141.5,6625.5,11093.5,14326,13000,12267,11165,21646,4860,1806,24979,21832,0.892460773,0.876195943,NULL,NULL
460932,4174000,41740,Skin Institute,Saint Louis,MO,63126,3,29,4,38.527964,-90.363057,NULL,NULL,47,0.8723,0.1064,0,0.0213,0,0,0,NULL,NULL,0.546,16890,NULL,NULL,NULL,NULL,NULL,NULL,NULL,NULL,NULL,NULL,0.4314,0.6667,0.9815,NULL,NULL,NULL,NULL,NULL,PrivacySuppressed,PrivacySuppressed,9160,PrivacySuppressed,PrivacySuppressed,8555,9500,54,16,16,52,46,0.854166667,0.677083333,NULL,1
460996,4170600,41706,The Salon Professional Academy-St Charles,St. Charles,MO,63301-1021,3,29,4,38.788205,-90.539643,NULL,NULL,69,0.8261,0.1594,0,0,0,0,0,NULL,NULL,NULL,12344,NULL,NULL,11793,NULL,NULL,NULL,NULL,NULL,NULL,NULL,0.472,0.528,0.797464557,NULL,NULL,NULL,NULL,NULL,9649,4088,7804,9500,7917,7917,7860.5,73,29,19,89,45,PrivacySuppressed,0.669172932,NULL,0.8286
461421,4170700,41707,Paul Mitchell the School-St Louis,St. Louis,MO,63108-1554,3,29,4,38.64474,-90.262731,NULL,NULL,169,0.6095,0.3077,0.0178,0.0178,0,0,0,NULL,NULL,NULL,15287,NULL,NULL,13459,NULL,NULL,NULL,NULL,NULL,NULL,NULL,0.4462,0.5981,0.871528492,NULL,NULL,NULL,NULL,NULL,16500,4822,16500,13000,9833,16500,9833,150,61,44,183,96,0.932,0.736,NULL,0.875
461537,4173900,41739,Cosmetology College of Franklin County,Saint Clair,MO,63077-1515,3,29,4,38.344003,-90.980902,NULL,NULL,16,1,0,0,0,0,0,0,NULL,NULL,NULL,6299,NULL,NULL,6299,NULL,NULL,NULL,NULL,NULL,NULL,NULL,0.6207,0.7241,0.874975,NULL,NULL,NULL,NULL,NULL,PrivacySuppressed,PrivacySuppressed,PrivacySuppressed,PrivacySuppressed,PrivacySuppressed,PrivacySuppressed,PrivacySuppressed,16,PrivacySuppressed,PrivacySuppressed,PrivacySuppressed,PrivacySuppressed,PrivacySuppressed,PrivacySuppressed,NULL,1
461573,4174800,41748,American Trade School,Saint Ann,MO,63074-1807,3,29,4,38.72866,-90.379961,NULL,NULL,113,0.469,0.5133,0,0.0177,0,0,0,NULL,NULL,NULL,13276,NULL,NULL,12630,NULL,NULL,NULL,NULL,NULL,NULL,NULL,0.7619,0.6905,0.792161176,NULL,NULL,NULL,NULL,NULL,12563,5702.5,10132,PrivacySuppressed,PrivacySuppressed,10451,15915,115,PrivacySuppressed,PrivacySuppressed,123,40,0.8875,0.90625,NULL,0.7544
461935,4184400,41844,Seymour Beauty Academy,Seymour,MO,65746-8743,3,29,4,37.14678,-92.769771,NULL,NULL,22,1,0,0,0,0,0,0,NULL,NULL,NULL,8796,NULL,NULL,8815,NULL,NULL,NULL,NULL,NULL,NULL,NULL,0.9167,0.9167,0.627470588,NULL,NULL,NULL,NULL,NULL,PrivacySuppressed,PrivacySuppressed,PrivacySuppressed,PrivacySuppressed,PrivacySuppressed,PrivacySuppressed,PrivacySuppressed,PrivacySuppressed,PrivacySuppressed,PrivacySuppressed,PrivacySuppressed,PrivacySuppressed,PrivacySuppressed,PrivacySuppressed,NULL,0.5
466170,405724,4057,National American University-Lee's Summit,Lee's Summit,MO,64081-1425,3,29,4,38.919799,-94.402699,NULL,NULL,309,0.5405,0.3786,0.0162,0,0.0065,0,0,43300,56400,NULL,NULL,36100,30300,NULL,NULL,NULL,NULL,NULL,NULL,13071,13071,0.7667,0.8778,NULL,NULL,NULL,NULL,NULL,NULL,33523,9500,10626.5,16176.5,17500,12668,9500,9298,2302,626,10285,9295,0.849681267,0.760127493,NULL,NULL
466921,638507,6385,Chamberlain College of Nursing-Missouri,St. Louis,MO,63146,3,29,4,38.70204,-90.436061,0.5714,NULL,508,0.7736,0.1417,0.0197,0.0177,0,0.002,0.002,60300,65500,0.68,24920,52600,44200,NULL,NULL,NULL,NULL,NULL,24920,17280,17280,0.5574,0.8463,0.448251724,0.4,0,NULL,NULL,NULL,24581,14769,18750,18750,18750,20375,17786,4641,5069,5632,6583,7009,0.956099815,0.378069712,0.5,NULL
475389,4187000,41870,Donna's Academy of Hair Design,Smithville,MO,64089-9042,3,29,4,39.355841,-94.584891,NULL,NULL,31,0.871,0,0,0,0,0,0,NULL,NULL,0.833,10355,NULL,NULL,8789,NULL,NULL,NULL,NULL,NULL,NULL,NULL,0.4603,0.6032,0.819992,NULL,NULL,NULL,NULL,NULL,PrivacySuppressed,PrivacySuppressed,PrivacySuppressed,PrivacySuppressed,PrivacySuppressed,9833,9833,18,11,16,25,PrivacySuppressed,0.814814815,0.722222222,NULL,0.8667
475583,3066303,30663,Bryan University,Columbia,MO,65201-8248,3,29,4,38.91581,-92.292621,NULL,NULL,97,0.567,0.3299,0.0206,0,0.0103,0,0,PrivacySuppressed,PrivacySuppressed,NULL,16481,24900,PrivacySuppressed,16462,NULL,NULL,NULL,NULL,21735,15345,15345,0.8053,0.885,0.221571257,NULL,NULL,NULL,NULL,NULL,24056,9490,16468,PrivacySuppressed,PrivacySuppressed,16997.5,15111,544,104,15,618,802,0.785714286,0.946428571,NULL,0.2353
480338,149912,1499,Everest College-Kansas City,Kansas City,MO,64114,3,29,4,38.96357,-94.607161,NULL,NULL,320,0.2594,0.5594,0.0531,0.0125,0.0063,0.0063,0,,,0.5,24325,,,24188,NULL,NULL,NULL,NULL,NULL,NULL,NULL,0.7493,0.5742,NULL,NULL,NULL,NULL,NULL,NULL,19613,6466,7808,10857.5,9500,8500,6475,38707,3622,496,39807,24155,0.771913095,0.91652277,NULL,0.4918
480879,4212100,42121,Academy of Salon Professionals,Sedalia,MO,65301,3,29,4,38.690856,-93.250986,NULL,NULL,25,0.88,0.04,0.04,0,0,0,0,,,,6578,,,6578,NULL,NULL,NULL,NULL,NULL,NULL,NULL,0.4595,0.3514,0.81249375,NULL,NULL,NULL,NULL,NULL,PrivacySuppressed,PrivacySuppressed,PrivacySuppressed,PrivacySuppressed,PrivacySuppressed,PrivacySuppressed,PrivacySuppressed,17,PrivacySuppressed,PrivacySuppressed,PrivacySuppressed,NULL,PrivacySuppressed,PrivacySuppressed,NULL,0.5
481049,4152200,41522,Carthage R9 School District-Carthage Technical Center,Carthage,MO,64836-1332,1,29,4,37.173927,-94.30051,1,NULL,11,0.8182,0,0,0,0.0909,0,0,,,,12876,,,12313,10475,13454,14631,NULL,NULL,NULL,NULL,0.8,0.84,0.909063636,NULL,NULL,NULL,NULL,NULL,PrivacySuppressed,PrivacySuppressed,PrivacySuppressed,PrivacySuppressed,PrivacySuppressed,PrivacySuppressed,PrivacySuppressed,PrivacySuppressed,PrivacySuppressed,PrivacySuppressed,PrivacySuppressed,NULL,PrivacySuppressed,PrivacySuppressed,NULL,1
481517,4218400,42184,City Pointe Beauty Academy,Webb City,MO,64870-2502,3,29,4,37.14015,-94.474671,NULL,NULL,63,0.9048,0,0,0.0159,0.0317,0,0,,,,10743,,,9593,NULL,NULL,NULL,NULL,NULL,NULL,NULL,0.4512,0.5244,0.7931,NULL,NULL,NULL,NULL,NULL,9833,PrivacySuppressed,9833,PrivacySuppressed,PrivacySuppressed,PrivacySuppressed,PrivacySuppressed,41,14,10,51,NULL,PrivacySuppressed,0.7625,NULL,0.6875
481766,2119204,21192,Court Reporting Institute of St Louis,Clayton,MO,63105-3329,3,29,4,38.64829,-90.335741,NULL,NULL,247,0.5223,0.2713,0.081,0.004,0,0,0,,,,20810,,,20810,NULL,NULL,NULL,NULL,24556,10375,10375,0.452,0.5989,NULL,NULL,NULL,NULL,NULL,NULL,26026.5,15116,13534,18075,20644,16229,13247.5,223,83,39,253,859,0.882978723,0.687943262,NULL,0.2821
481915,2609206,26092,L'Ecole Culinaire-Kansas City,Kansas City,MO,64112-2110,3,29,4,39.040598,-94.591194,NULL,NULL,193,0.2435,0.4974,0.0155,0.0052,0.0052,0.0052,0,,,,20545,,,20468,NULL,NULL,NULL,NULL,25590,14950,14950,0.5342,0.5616,NULL,NULL,NULL,NULL,NULL,NULL,20894.5,6334,13000,13875,12750,13000,12750,1784,249,73,1945,3046,0.817572892,0.924743893,NULL,0.4182
481988,2599714,25997,Vatterott College-ex'treme Institute by Nelly-St Louis,St. Louis,MO,63102-2115,3,29,4,38.63107,-90.185411,NULL,NULL,444,0.1689,0.7387,0.009,0.0045,0.009,0,0,,,,16644,,,16073,NULL,NULL,NULL,NULL,21294,12850,12850,0.4577,0.3134,NULL,NULL,NULL,NULL,NULL,NULL,22001,7571,13000,16471,13000,13511,12303,6625,734,189,7164,8374,0.849956955,0.935801255,NULL,0.4031
482097,3368305,33683,Midwest Technical Institute-Springfield,Springfield,MO,65804-4414,3,29,4,37.14777,-93.256511,NULL,NULL,257,0.8794,0.0428,0.0272,0,0.0117,0.0156,0,,,,17958,,,17594,NULL,NULL,NULL,NULL,NULL,NULL,NULL,0.8555,0.8871,NULL,NULL,NULL,NULL,NULL,NULL,9500,4750,9500,9500,5500,9500,9500,3785,780,331,4086,2715,0.851886971,0.83804286,NULL,0.7282
482352,405735,4057,National American University-Weldon Spring,Weldon Spring,MO,63304-7795,3,29,4,38.728941,-90.64441,NULL,NULL,75,0.52,0.3733,0,0,0.0133,0,0,,,,NULL,,,NULL,NULL,NULL,NULL,NULL,NULL,13071,13071,0.8667,0.8889,NULL,NULL,NULL,NULL,NULL,NULL,33523,9500,10626.5,16176.5,17500,12668,9500,9298,2302,626,10285,9295,0.849681267,0.760127493,NULL,NULL
482398,4051343,40513,The Art Institute of St Louis,St Charles,MO,63303,3,29,4,38.766465,-90.495665,NULL,NULL,455,0.4769,0.4308,0.0396,0.0044,0.011,0.0066,0,,,,19307,,,17614,NULL,NULL,NULL,NULL,25690,13780,13780,0.7446,0.894,NULL,NULL,NULL,NULL,NULL,NULL,22141.5,6625.5,11093.5,14326,13000,12267,11165,21646,4860,1806,24979,21832,0.892460773,0.876195943,0.3704,NULL
482538,1072717,10727,DeVry University-Missouri,Kansas City,MO,64131,3,29,4,38.92248,-94.583901,0.76,NULL,613,0.6052,0.2806,0.0424,0.0277,0.0114,0.0033,0,52500,61100,,24550,47000,44100,23731,NULL,NULL,NULL,NULL,30270,16888,16888,0.5862,0.814,0.297491139,0.3333,0.2,0,0.5,NULL,40150,12955,14741,22250,21803,20000,12000,33726,15735,6453,41594,77361,0.835462152,0.696395861,0.7,NULL
484701,32098887,20988,University of Phoenix-Missouri,Saint Louis,MO,63043,3,29,4,38.757035,-90.466727,NULL,NULL,952,0.2721,0.3487,0.0315,0.0011,0.0063,0.0042,0.0032,,,,19241,,,19204,NULL,NULL,NULL,NULL,24494,11195,11195,0.7116,0.6998,0.0892,0.125,0.1441,0,NULL,0,33000,7881.5,10875,20000,20000,14250,15500,155217,58431,20611,198764,340405,0.833483809,0.860612093,0.386,NULL
15336601,186601,1866,Graceland University - Independence,Independence,MO,640503434,2,29,4,NULL,NULL,NULL,NULL,NULL,NULL,NULL,NULL,NULL,NULL,NULL,NULL,39500,41700,0.745,NULL,36300,38000,NULL,NULL,NULL,NULL,NULL,NULL,NULL,NULL,NULL,NULL,NULL,NULL,NULL,NULL,NULL,NULL,24900,10250,15151.5,17750,15500,17000,15000,410,367,321,696,852,0.960457856,0.591050989,NULL,NULL
